time_s,road_mm,baseline_mm,revised_mm
0.00000000,-5.00000000,-5.00000000,-5.00000000
0.00500000,-5.00000000,-5.00000000,-5.00000000
0.01000000,-5.00000000,-5.00000000,-5.00000000
0.01500000,-5.00000000,-5.00000000,-5.00000000
0.02000000,-5.00000000,-5.00000000,-5.00000000
0.02500000,-5.00000000,-5.00000000,-5.00000000
0.03000000,-5.00000000,-5.00000000,-5.00000000
0.03500000,-5.00000000,-5.00000000,-5.00000000
0.04000000,-5.00000000,-5.00000000,-5.00000000
0.04500000,-5.00000000,-5.00000000,-5.00000000
0.05000000,-5.00000000,-5.00000000,-5.00000000
0.05500000,-5.00000000,-5.00000000,-5.00000000
0.06000000,-5.00000000,-5.00000000,-5.00000000
0.06500000,-5.00000000,-5.00000000,-5.00000000
0.07000000,-5.00000000,-5.00000000,-5.00000000
0.07500000,-5.00000000,-5.00000000,-5.00000000
0.08000000,-5.00000000,-5.00000000,-5.00000000
0.08500000,-5.00000000,-5.00000000,-5.00000000
0.09000000,-5.00000000,-5.00000000,-5.00000000
0.09500000,-5.00000000,-5.00000000,-5.00000000
0.10000000,-5.00000000,-5.00000000,-5.00000000
0.10500000,-5.00000000,-5.00000000,-5.00000000
0.11000000,-5.00000000,-5.00000000,-5.00000000
0.11500000,-5.00000000,-5.00000000,-5.00000000
0.12000000,-5.00000000,-5.00000000,-5.00000000
0.12500000,-5.00000000,-5.00000000,-5.00000000
0.13000000,-5.00000000,-5.00000000,-5.00000000
0.13500000,-5.00000000,-5.00000000,-5.00000000
0.14000000,-5.00000000,-5.00000000,-5.00000000
0.14500000,-5.00000000,-5.00000000,-5.00000000
0.15000000,-5.00000000,-5.00000000,-5.00000000
0.15500000,-5.00000000,-5.00000000,-5.00000000
0.16000000,-5.00000000,-5.00000000,-5.00000000
0.16500000,-5.00000000,-5.00000000,-5.00000000
0.17000000,-5.00000000,-5.00000000,-5.00000000
0.17500000,-5.00000000,-5.00000000,-5.00000000
0.18000000,-5.00000000,-5.00000000,-5.00000000
0.18500000,-5.00000000,-5.00000000,-5.00000000
0.19000000,-5.00000000,-5.00000000,-5.00000000
0.19500000,-5.00000000,-5.00000000,-5.00000000
0.20000000,-5.00000000,-5.00000000,-5.00000000
0.20500000,-5.00000000,-5.00000000,-5.00000000
0.21000000,-5.00000000,-5.00000000,-5.00000000
0.21500000,-5.00000000,-5.00000000,-5.00000000
0.22000000,-5.00000000,-5.00000000,-5.00000000
0.22500000,-5.00000000,-5.00000000,-5.00000000
0.23000000,-5.00000000,-5.00000000,-5.00000000
0.23500000,-5.00000000,-5.00000000,-5.00000000
0.24000000,-5.00000000,-5.00000000,-5.00000000
0.24500000,-5.00000000,-5.00000000,-5.00000000
0.25000000,-5.00000000,-5.00000000,-5.00000000
0.25500000,-5.00000000,-5.00000000,-5.00000000
0.26000000,-5.00000000,-5.00000000,-5.00000000
0.26500000,-5.00000000,-5.00000000,-5.00000000
0.27000000,-5.00000000,-5.00000000,-5.00000000
0.27500000,-5.00000000,-5.00000000,-5.00000000
0.28000000,-5.00000000,-5.00000000,-5.00000000
0.28500000,-5.00000000,-5.00000000,-5.00000000
0.29000000,-5.00000000,-5.00000000,-5.00000000
0.29500000,-5.00000000,-5.00000000,-5.00000000
0.30000000,-5.00000000,-5.00000000,-5.00000000
0.30500000,-5.00000000,-5.00000000,-5.00000000
0.31000000,-5.00000000,-5.00000000,-5.00000000
0.31500000,-5.00000000,-5.00000000,-5.00000000
0.32000000,-5.00000000,-5.00000000,-5.00000000
0.32500000,-5.00000000,-5.00000000,-5.00000000
0.33000000,-5.00000000,-5.00000000,-5.00000000
0.33500000,-5.00000000,-5.00000000,-5.00000000
0.34000000,-5.00000000,-5.00000000,-5.00000000
0.34500000,-5.00000000,-5.00000000,-5.00000000
0.35000000,-5.00000000,-5.00000000,-5.00000000
0.35500000,-5.00000000,-5.00000000,-5.00000000
0.36000000,-5.00000000,-5.00000000,-5.00000000
0.36500000,-5.00000000,-5.00000000,-5.00000000
0.37000000,-5.00000000,-5.00000000,-5.00000000
0.37500000,-5.00000000,-5.00000000,-5.00000000
0.38000000,-5.00000000,-5.00000000,-5.00000000
0.38500000,-5.00000000,-5.00000000,-5.00000000
0.39000000,-5.00000000,-5.00000000,-5.00000000
0.39500000,-5.00000000,-5.00000000,-5.00000000
0.40000000,-5.00000000,-5.00000000,-5.00000000
0.40500000,-5.00000000,-5.00000000,-5.00000000
0.41000000,-5.00000000,-5.00000000,-5.00000000
0.41500000,-5.00000000,-5.00000000,-5.00000000
0.42000000,-5.00000000,-5.00000000,-5.00000000
0.42500000,-5.00000000,-5.00000000,-5.00000000
0.43000000,-5.00000000,-5.00000000,-5.00000000
0.43500000,-5.00000000,-5.00000000,-5.00000000
0.44000000,-5.00000000,-5.00000000,-5.00000000
0.44500000,-5.00000000,-5.00000000,-5.00000000
0.45000000,-5.00000000,-5.00000000,-5.00000000
0.45500000,-5.00000000,-5.00000000,-5.00000000
0.46000000,-5.00000000,-5.00000000,-5.00000000
0.46500000,-5.00000000,-5.00000000,-5.00000000
0.47000000,-5.00000000,-5.00000000,-5.00000000
0.47500000,-5.00000000,-5.00000000,-5.00000000
0.48000000,-5.00000000,-5.00000000,-5.00000000
0.48500000,-5.00000000,-5.00000000,-5.00000000
0.49000000,-5.00000000,-5.00000000,-5.00000000
0.49500000,-5.00000000,-5.00000000,-5.00000000
0.50000000,-5.00000000,-5.00000000,-5.00000000
0.50500000,-5.00000000,-5.00000000,-5.00000000
0.51000000,-5.00000000,-5.00000000,-5.00000000
0.51500000,-5.00000000,-5.00000000,-5.00000000
0.52000000,-5.00000000,-5.00000000,-5.00000000
0.52500000,-5.00000000,-5.00000000,-5.00000000
0.53000000,-5.00000000,-5.00000000,-5.00000000
0.53500000,-5.00000000,-5.00000000,-5.00000000
0.54000000,-5.00000000,-5.00000000,-5.00000000
0.54500000,-5.00000000,-5.00000000,-5.00000000
0.55000000,-5.00000000,-5.00000000,-5.00000000
0.55500000,-5.00000000,-5.00000000,-5.00000000
0.56000000,-5.00000000,-5.00000000,-5.00000000
0.56500000,-5.00000000,-5.00000000,-5.00000000
0.57000000,-5.00000000,-5.00000000,-5.00000000
0.57500000,-5.00000000,-5.00000000,-5.00000000
0.58000000,-5.00000000,-5.00000000,-5.00000000
0.58500000,-5.00000000,-5.00000000,-5.00000000
0.59000000,-5.00000000,-5.00000000,-5.00000000
0.59500000,-5.00000000,-5.00000000,-5.00000000
0.60000000,-5.00000000,-5.00000000,-5.00000000
0.60500000,-5.00000000,-5.00000000,-5.00000000
0.61000000,-5.00000000,-5.00000000,-5.00000000
0.61500000,-5.00000000,-5.00000000,-5.00000000
0.62000000,-5.00000000,-5.00000000,-5.00000000
0.62500000,-5.00000000,-5.00000000,-5.00000000
0.63000000,-5.00000000,-5.00000000,-5.00000000
0.63500000,-5.00000000,-5.00000000,-5.00000000
0.64000000,-5.00000000,-5.00000000,-5.00000000
0.64500000,-5.00000000,-5.00000000,-5.00000000
0.65000000,-5.00000000,-5.00000000,-5.00000000
0.65500000,-5.00000000,-5.00000000,-5.00000000
0.66000000,-5.00000000,-5.00000000,-5.00000000
0.66500000,-5.00000000,-5.00000000,-5.00000000
0.67000000,-5.00000000,-5.00000000,-5.00000000
0.67500000,-5.00000000,-5.00000000,-5.00000000
0.68000000,-5.00000000,-5.00000000,-5.00000000
0.68500000,-5.00000000,-5.00000000,-5.00000000
0.69000000,-5.00000000,-5.00000000,-5.00000000
0.69500000,-5.00000000,-5.00000000,-5.00000000
0.70000000,-5.00000000,-5.00000000,-5.00000000
0.70500000,-5.00000000,-5.00000000,-5.00000000
0.71000000,-5.00000000,-5.00000000,-5.00000000
0.71500000,-5.00000000,-5.00000000,-5.00000000
0.72000000,-5.00000000,-5.00000000,-5.00000000
0.72500000,-5.00000000,-5.00000000,-5.00000000
0.73000000,-5.00000000,-5.00000000,-5.00000000
0.73500000,-5.00000000,-5.00000000,-5.00000000
0.74000000,-5.00000000,-5.00000000,-5.00000000
0.74500000,-5.00000000,-5.00000000,-5.00000000
0.75000000,-5.00000000,-5.00000000,-5.00000000
0.75500000,-5.00000000,-5.00000000,-5.00000000
0.76000000,-5.00000000,-5.00000000,-5.00000000
0.76500000,-5.00000000,-5.00000000,-5.00000000
0.77000000,-5.00000000,-5.00000000,-5.00000000
0.77500000,-5.00000000,-5.00000000,-5.00000000
0.78000000,-5.00000000,-5.00000000,-5.00000000
0.78500000,-5.00000000,-5.00000000,-5.00000000
0.79000000,-5.00000000,-5.00000000,-5.00000000
0.79500000,-5.00000000,-5.00000000,-5.00000000
0.80000000,-5.00000000,-5.00000000,-5.00000000
0.80500000,-5.00000000,-5.00000000,-5.00000000
0.81000000,-5.00000000,-5.00000000,-5.00000000
0.81500000,-5.00000000,-5.00000000,-5.00000000
0.82000000,-5.00000000,-5.00000000,-5.00000000
0.82500000,-5.00000000,-5.00000000,-5.00000000
0.83000000,-5.00000000,-5.00000000,-5.00000000
0.83500000,-5.00000000,-5.00000000,-5.00000000
0.84000000,-5.00000000,-5.00000000,-5.00000000
0.84500000,-5.00000000,-5.00000000,-5.00000000
0.85000000,-5.00000000,-5.00000000,-5.00000000
0.85500000,-5.00000000,-5.00000000,-5.00000000
0.86000000,-5.00000000,-5.00000000,-5.00000000
0.86500000,-5.00000000,-5.00000000,-5.00000000
0.87000000,-5.00000000,-5.00000000,-5.00000000
0.87500000,-5.00000000,-5.00000000,-5.00000000
0.88000000,-5.00000000,-5.00000000,-5.00000000
0.88500000,-5.00000000,-5.00000000,-5.00000000
0.89000000,-5.00000000,-5.00000000,-5.00000000
0.89500000,-5.00000000,-5.00000000,-5.00000000
0.90000000,-5.00000000,-5.00000000,-5.00000000
0.90500000,-5.00000000,-5.00000000,-5.00000000
0.91000000,-5.00000000,-5.00000000,-5.00000000
0.91500000,-5.00000000,-5.00000000,-5.00000000
0.92000000,-5.00000000,-5.00000000,-5.00000000
0.92500000,-5.00000000,-5.00000000,-5.00000000
0.93000000,-5.00000000,-5.00000000,-5.00000000
0.93500000,-5.00000000,-5.00000000,-5.00000000
0.94000000,-5.00000000,-5.00000000,-5.00000000
0.94500000,-5.00000000,-5.00000000,-5.00000000
0.95000000,-5.00000000,-5.00000000,-5.00000000
0.95500000,-5.00000000,-5.00000000,-5.00000000
0.96000000,-5.00000000,-5.00000000,-5.00000000
0.96500000,-5.00000000,-5.00000000,-5.00000000
0.97000000,-5.00000000,-5.00000000,-5.00000000
0.97500000,-5.00000000,-5.00000000,-5.00000000
0.98000000,-5.00000000,-5.00000000,-5.00000000
0.98500000,-5.00000000,-5.00000000,-5.00000000
0.99000000,-5.00000000,-5.00000000,-5.00000000
0.99500000,-5.00000000,-5.00000000,-5.00000000
1.00000000,-5.00000000,-5.00000000,-5.00000000
1.00500000,-5.00000000,-5.00000000,-5.00000000
1.01000000,-5.00000000,-5.00000000,-5.00000000
1.01500000,-5.00000000,-5.00000000,-5.00000000
1.02000000,-5.00000000,-5.00000000,-5.00000000
1.02500000,-5.00000000,-5.00000000,-5.00000000
1.03000000,-5.00000000,-5.00000000,-5.00000000
1.03500000,-5.00000000,-5.00000000,-5.00000000
1.04000000,-5.00000000,-5.00000000,-5.00000000
1.04500000,-5.00000000,-5.00000000,-5.00000000
1.05000000,-5.00000000,-5.00000000,-5.00000000
1.05500000,-5.00000000,-5.00000000,-5.00000000
1.06000000,-5.00000000,-5.00000000,-5.00000000
1.06500000,-5.00000000,-5.00000000,-5.00000000
1.07000000,-5.00000000,-5.00000000,-5.00000000
1.07500000,-5.00000000,-5.00000000,-5.00000000
1.08000000,-5.00000000,-5.00000000,-5.00000000
1.08500000,-5.00000000,-5.00000000,-5.00000000
1.09000000,-5.00000000,-5.00000000,-5.00000000
1.09500000,-5.00000000,-5.00000000,-5.00000000
1.10000000,-5.00000000,-5.00000000,-5.00000000
1.10500000,-5.00000000,-5.00000000,-5.00000000
1.11000000,-5.00000000,-5.00000000,-5.00000000
1.11500000,-5.00000000,-5.00000000,-5.00000000
1.12000000,-5.00000000,-5.00000000,-5.00000000
1.12500000,-5.00000000,-5.00000000,-5.00000000
1.13000000,-5.00000000,-5.00000000,-5.00000000
1.13500000,-5.00000000,-5.00000000,-5.00000000
1.14000000,-5.00000000,-5.00000000,-5.00000000
1.14500000,-5.00000000,-5.00000000,-5.00000000
1.15000000,-5.00000000,-5.00000000,-5.00000000
1.15500000,-5.00000000,-5.00000000,-5.00000000
1.16000000,-5.00000000,-5.00000000,-5.00000000
1.16500000,-5.00000000,-5.00000000,-5.00000000
1.17000000,-5.00000000,-5.00000000,-5.00000000
1.17500000,-5.00000000,-5.00000000,-5.00000000
1.18000000,-5.00000000,-5.00000000,-5.00000000
1.18500000,-5.00000000,-5.00000000,-5.00000000
1.19000000,-5.00000000,-5.00000000,-5.00000000
1.19500000,-5.00000000,-5.00000000,-5.00000000
1.20000000,-5.00000000,-5.00000000,-5.00000000
1.20500000,-5.00000000,-5.00000000,-5.00000000
1.21000000,-5.00000000,-5.00000000,-5.00000000
1.21500000,-5.00000000,-5.00000000,-5.00000000
1.22000000,-5.00000000,-5.00000000,-5.00000000
1.22500000,-5.00000000,-5.00000000,-5.00000000
1.23000000,-5.00000000,-5.00000000,-5.00000000
1.23500000,-5.00000000,-5.00000000,-5.00000000
1.24000000,-5.00000000,-5.00000000,-5.00000000
1.24500000,-5.00000000,-5.00000000,-5.00000000
1.25000000,-5.00000000,-5.00000000,-5.00000000
1.25500000,-5.00000000,-5.00000000,-5.00000000
1.26000000,-5.00000000,-5.00000000,-5.00000000
1.26500000,-5.00000000,-5.00000000,-5.00000000
1.27000000,-5.00000000,-5.00000000,-5.00000000
1.27500000,-5.00000000,-5.00000000,-5.00000000
1.28000000,-5.00000000,-5.00000000,-5.00000000
1.28500000,-5.00000000,-5.00000000,-5.00000000
1.29000000,-5.00000000,-5.00000000,-5.00000000
1.29500000,-5.00000000,-5.00000000,-5.00000000
1.30000000,-5.00000000,-5.00000000,-5.00000000
1.30500000,-5.00000000,-5.00000000,-5.00000000
1.31000000,-5.00000000,-5.00000000,-5.00000000
1.31500000,-5.00000000,-5.00000000,-5.00000000
1.32000000,-5.00000000,-5.00000000,-5.00000000
1.32500000,-5.00000000,-5.00000000,-5.00000000
1.33000000,-5.00000000,-5.00000000,-5.00000000
1.33500000,-5.00000000,-5.00000000,-5.00000000
1.34000000,-5.00000000,-5.00000000,-5.00000000
1.34500000,-5.00000000,-5.00000000,-5.00000000
1.35000000,-5.00000000,-5.00000000,-5.00000000
1.35500000,-5.00000000,-5.00000000,-5.00000000
1.36000000,-5.00000000,-5.00000000,-5.00000000
1.36500000,-5.00000000,-5.00000000,-5.00000000
1.37000000,-5.00000000,-5.00000000,-5.00000000
1.37500000,-5.00000000,-5.00000000,-5.00000000
1.38000000,-5.00000000,-5.00000000,-5.00000000
1.38500000,-5.00000000,-5.00000000,-5.00000000
1.39000000,-5.00000000,-5.00000000,-5.00000000
1.39500000,-5.00000000,-5.00000000,-5.00000000
1.40000000,-5.00000000,-5.00000000,-5.00000000
1.40500000,-5.00000000,-5.00000000,-5.00000000
1.41000000,-5.00000000,-5.00000000,-5.00000000
1.41500000,-5.00000000,-5.00000000,-5.00000000
1.42000000,-5.00000000,-5.00000000,-5.00000000
1.42500000,-5.00000000,-5.00000000,-5.00000000
1.43000000,-5.00000000,-5.00000000,-5.00000000
1.43500000,-5.00000000,-5.00000000,-5.00000000
1.44000000,-5.00000000,-5.00000000,-5.00000000
1.44500000,-5.00000000,-5.00000000,-5.00000000
1.45000000,-5.00000000,-5.00000000,-5.00000000
1.45500000,-5.00000000,-5.00000000,-5.00000000
1.46000000,-5.00000000,-5.00000000,-5.00000000
1.46500000,-5.00000000,-5.00000000,-5.00000000
1.47000000,-5.00000000,-5.00000000,-5.00000000
1.47500000,-5.00000000,-5.00000000,-5.00000000
1.48000000,-5.00000000,-5.00000000,-5.00000000
1.48500000,-5.00000000,-5.00000000,-5.00000000
1.49000000,-5.00000000,-5.00000000,-5.00000000
1.49500000,-5.00000000,-5.00000000,-5.00000000
1.50000000,-5.00000000,-5.00000000,-5.00000000
1.50500000,-5.00000000,-5.00000000,-5.00000000
1.51000000,-5.00000000,-5.00000000,-5.00000000
1.51500000,-5.00000000,-5.00000000,-5.00000000
1.52000000,-5.00000000,-5.00000000,-5.00000000
1.52500000,-5.00000000,-5.00000000,-5.00000000
1.53000000,-5.00000000,-5.00000000,-5.00000000
1.53500000,-5.00000000,-5.00000000,-5.00000000
1.54000000,-5.00000000,-5.00000000,-5.00000000
1.54500000,-5.00000000,-5.00000000,-5.00000000
1.55000000,-5.00000000,-5.00000000,-5.00000000
1.55500000,-5.00000000,-5.00000000,-5.00000000
1.56000000,-5.00000000,-5.00000000,-5.00000000
1.56500000,-5.00000000,-5.00000000,-5.00000000
1.57000000,-5.00000000,-5.00000000,-5.00000000
1.57500000,-5.00000000,-5.00000000,-5.00000000
1.58000000,-5.00000000,-5.00000000,-5.00000000
1.58500000,-5.00000000,-5.00000000,-5.00000000
1.59000000,-5.00000000,-5.00000000,-5.00000000
1.59500000,-5.00000000,-5.00000000,-5.00000000
1.60000000,-5.00000000,-5.00000000,-5.00000000
1.60500000,-5.00000000,-5.00000000,-5.00000000
1.61000000,-5.00000000,-5.00000000,-5.00000000
1.61500000,-5.00000000,-5.00000000,-5.00000000
1.62000000,-5.00000000,-5.00000000,-5.00000000
1.62500000,-5.00000000,-5.00000000,-5.00000000
1.63000000,-5.00000000,-5.00000000,-5.00000000
1.63500000,-5.00000000,-5.00000000,-5.00000000
1.64000000,-5.00000000,-5.00000000,-5.00000000
1.64500000,-5.00000000,-5.00000000,-5.00000000
1.65000000,-5.00000000,-5.00000000,-5.00000000
1.65500000,-5.00000000,-5.00000000,-5.00000000
1.66000000,-5.00000000,-5.00000000,-5.00000000
1.66500000,-5.00000000,-5.00000000,-5.00000000
1.67000000,-5.00000000,-5.00000000,-5.00000000
1.67500000,-5.00000000,-5.00000000,-5.00000000
1.68000000,-5.00000000,-5.00000000,-5.00000000
1.68500000,-5.00000000,-5.00000000,-5.00000000
1.69000000,-5.00000000,-5.00000000,-5.00000000
1.69500000,-5.00000000,-5.00000000,-5.00000000
1.70000000,-5.00000000,-5.00000000,-5.00000000
1.70500000,-5.00000000,-5.00000000,-5.00000000
1.71000000,-5.00000000,-5.00000000,-5.00000000
1.71500000,-5.00000000,-5.00000000,-5.00000000
1.72000000,-5.00000000,-5.00000000,-5.00000000
1.72500000,-5.00000000,-5.00000000,-5.00000000
1.73000000,-5.00000000,-5.00000000,-5.00000000
1.73500000,-5.00000000,-5.00000000,-5.00000000
1.74000000,-5.00000000,-5.00000000,-5.00000000
1.74500000,-5.00000000,-5.00000000,-5.00000000
1.75000000,-5.00000000,-5.00000000,-5.00000000
1.75500000,-5.00000000,-5.00000000,-5.00000000
1.76000000,-5.00000000,-5.00000000,-5.00000000
1.76500000,-5.00000000,-5.00000000,-5.00000000
1.77000000,-5.00000000,-5.00000000,-5.00000000
1.77500000,-5.00000000,-5.00000000,-5.00000000
1.78000000,-5.00000000,-5.00000000,-5.00000000
1.78500000,-5.00000000,-5.00000000,-5.00000000
1.79000000,-5.00000000,-5.00000000,-5.00000000
1.79500000,-5.00000000,-5.00000000,-5.00000000
1.80000000,-5.00000000,-5.00000000,-5.00000000
1.80450000,5.00000000,-3.59314468,-3.89722613
1.80950000,5.00000000,-1.26462129,-2.57712102
1.81450000,5.00000000,1.52989947,-1.20173999
1.81950000,5.00000000,4.42430984,0.18640973
1.82450000,5.00000000,7.07966743,1.54916362
1.82950000,5.00000000,9.21979934,2.85323224
1.83450000,5.00000000,10.65603947,4.07054595
1.83950000,5.00000000,11.29943485,5.17842333
1.84450000,5.00000000,11.16035344,6.15957854
1.84950000,5.00000000,10.33686306,7.00198482
1.85450000,5.00000000,8.99438068,7.69861389
1.85950000,5.00000000,7.33981961,8.24707161
1.86450000,5.00000000,5.59374654,8.64915108
1.86950000,5.00000000,3.96391740,8.91032408
1.87450000,5.00000000,2.62304979,9.03919107
1.87950000,5.00000000,1.69290883,9.04690894
1.88450000,5.00000000,1.23584827,8.94661404
1.88950000,5.00000000,1.25398276,8.75285636
1.89450000,5.00000000,1.69528269,8.48105862
1.89950000,5.00000000,2.46517199,8.14701169
1.90450000,5.00000000,3.44173419,7.76641597
1.90950000,5.00000000,4.49242182,7.35447557
1.91450000,5.00000000,5.49021492,6.92555037
1.91950000,5.00000000,6.32745318,6.49286873
1.92450000,5.00000000,6.92601656,6.06830179
1.92950000,5.00000000,7.24308339,5.66219858
1.93450000,5.00000000,7.27227746,5.28327959
1.93950000,5.00000000,7.04055891,4.93858520
1.94450000,5.00000000,6.60165935,4.63347422
1.94950000,5.00000000,6.02716939,4.37166719
1.95450000,5.00000000,5.39653701,4.15532825
1.95950000,5.00000000,4.78722605,3.98517924
1.96450000,5.00000000,4.26613479,3.86063938
1.96950000,5.00000000,3.88311585,3.77998410
1.97450000,5.00000000,3.66711184,3.74051668
1.97950000,5.00000000,3.62507001,3.73874670
1.98450000,5.00000000,3.74346700,3.77056984
1.98950000,5.00000000,3.99199608,3.83144422
1.99450000,5.00000000,4.32877107,3.91655878
1.99950000,5.00000000,4.70629706,4.02099040
2.00450000,5.00000000,5.07744956,4.13984656
2.00950000,5.00000000,5.40078296,4.26839150
2.01450000,5.00000000,5.64463629,4.40215443
2.01950000,5.00000000,5.78969690,4.53701868
2.02450000,5.00000000,5.82989343,4.66929175
2.02950000,5.00000000,5.77169222,4.79575636
2.03450000,5.00000000,5.63204512,4.91370332
2.03950000,5.00000000,5.43536324,5.02094732
2.04450000,5.00000000,5.20996250,5.11582712
2.04950000,5.00000000,4.98443996,5.19719179
2.05450000,5.00000000,4.78439916,5.26437506
2.05950000,5.00000000,4.62985971,5.31715952
2.06450000,5.00000000,4.53357272,5.35573301
2.06950000,5.00000000,4.50033832,5.38063898
2.07450000,5.00000000,4.52729708,5.39272296
2.07950000,5.00000000,4.60505993,5.39307690
2.08450000,5.00000000,4.71946030,5.38298311
2.08950000,5.00000000,4.85366397,5.36385937
2.09450000,5.00000000,4.99035991,5.33720644
2.09950000,5.00000000,5.11377470,5.30455919
2.10450000,5.00000000,5.21130073,5.26744222
2.10950000,5.00000000,5.27459390,5.22733058
2.11450000,5.00000000,5.30007206,5.18561621
2.11950000,5.00000000,5.28882080,5.14358021
2.12450000,5.00000000,5.24597931,5.10237110
2.12950000,5.00000000,5.17973101,5.06298906
2.13450000,5.00000000,5.10005478,5.02627574
2.13950000,5.00000000,5.01740382,4.99290944
2.14450000,5.00000000,4.94146962,4.96340513
2.14950000,5.00000000,4.88016235,4.93811883
2.15450000,5.00000000,4.83890055,4.91725563
2.15950000,5.00000000,4.82025833,4.90088094
2.16450000,5.00000000,4.82397240,4.88893409
2.16950000,5.00000000,4.84727031,4.88124386
2.17450000,5.00000000,4.88544892,4.87754514
2.17950000,5.00000000,4.93261111,4.87749635
2.18450000,5.00000000,4.98246053,4.88069684
2.18950000,5.00000000,5.02905800,4.88670408
2.19450000,5.00000000,5.06745795,4.89504990
2.19950000,5.00000000,5.09416507,4.90525580
2.20450000,5.00000000,5.10737844,4.91684668
2.20950000,5.00000000,5.10701771,4.92936312
2.21450000,5.00000000,5.09455128,4.94237174
2.21950000,5.00000000,5.07266679,4.95547388
2.22450000,5.00000000,5.04483795,4.96831230
2.22950000,5.00000000,5.01484771,4.98057607
2.23450000,5.00000000,4.98632645,4.99200372
2.23950000,5.00000000,4.96235609,5.00238473
2.24450000,5.00000000,4.94517803,5.01155945
2.24950000,5.00000000,4.93602726,5.01941777
2.25450000,5.00000000,4.93509798,5.02589655
2.25950000,5.00000000,4.94163106,5.03097616
2.26450000,5.00000000,4.95410043,5.03467616
2.26950000,5.00000000,4.97046688,5.03705049
2.27450000,5.00000000,4.98846344,5.03818226
2.27950000,5.00000000,5.00587656,5.03817833
2.28450000,5.00000000,5.02079167,5.03716386
2.28950000,5.00000000,5.03177900,5.03527700
2.29450000,5.00000000,5.03800483,5.03266377
2.29950000,5.00000000,5.03926343,5.02947336
2.30450000,5.00000000,5.03593432,5.02585382
2.30950000,5.00000000,5.02887772,5.02194824
2.31450000,5.00000000,5.01928635,5.01789154
2.31950000,5.00000000,5.00851513,5.01380779
2.32450000,5.00000000,4.99791038,5.00980810
2.32950000,5.00000000,4.98865796,5.00598913
2.33450000,5.00000000,4.98166554,5.00243210
2.33950000,5.00000000,4.97748891,4.99920237
2.34450000,5.00000000,4.97630591,4.99634941
2.34950000,5.00000000,4.97793596,4.99390728
2.35450000,5.00000000,4.98189827,4.99189541
2.35950000,5.00000000,4.98749796,4.99031969
2.36450000,5.00000000,4.99392743,4.98917383
2.36950000,5.00000000,5.00036984,4.98844082
2.37450000,5.00000000,5.00609280,4.98809462
2.37950000,5.00000000,5.01052256,4.98810180
2.38450000,5.00000000,5.01329246,4.98842326
2.38950000,5.00000000,5.01426273,4.98901587
2.39450000,5.00000000,5.01351253,4.98983409
2.39950000,5.00000000,5.01130792,4.99083140
2.40450000,5.00000000,5.00805199,4.99196168
2.40950000,5.00000000,5.00422478,4.99318035
2.41450000,5.00000000,5.00032064,4.99444540
2.41950000,5.00000000,4.99679068,4.99571824
2.42450000,5.00000000,4.99399610,4.99696429
2.42950000,5.00000000,4.99217669,4.99815352
2.43450000,5.00000000,4.99143634,4.99926069
2.43950000,5.00000000,4.99174559,5.00026552
2.44450000,5.00000000,4.99295898,5.00115266
2.44950000,5.00000000,4.99484373,5.00191159
2.45450000,5.00000000,4.99711538,5.00253633
2.45950000,5.00000000,4.99947547,5.00302512
2.46450000,5.00000000,5.00164689,5.00337997
2.46950000,5.00000000,5.00340308,5.00360624
2.47450000,5.00000000,5.00458844,5.00371211
2.47950000,5.00000000,5.00512847,5.00370802
2.48450000,5.00000000,5.00502977,5.00360619
2.48950000,5.00000000,5.00437071,5.00342008
2.49450000,5.00000000,5.00328500,5.00316390
2.49950000,5.00000000,5.00194070,5.00285215
2.50450000,5.00000000,5.00051755,5.00249920
2.50950000,5.00000000,4.99918533,5.00211894
2.51450000,5.00000000,4.99808565,5.00172445
2.51950000,5.00000000,4.99731885,5.00132773
2.52450000,5.00000000,4.99693692,5.00093954
2.52950000,5.00000000,4.99694273,5.00056922
2.53450000,5.00000000,4.99729485,5.00022460
2.53950000,5.00000000,4.99791690,4.99991198
2.54450000,5.00000000,4.99870991,4.99963612
2.54950000,5.00000000,4.99956592,4.99940028
2.55450000,5.00000000,5.00038117,4.99920628
2.55950000,5.00000000,5.00106743,4.99905466
2.56450000,5.00000000,5.00156040,4.99894478
2.56950000,5.00000000,5.00182447,4.99887493
2.57450000,5.00000000,5.00185374,4.99884257
2.57950000,5.00000000,5.00166958,4.99884442
2.58450000,5.00000000,5.00131533,4.99887667
2.58950000,5.00000000,5.00084908,4.99893511
2.59450000,5.00000000,5.00033552,4.99901532
2.59950000,5.00000000,4.99983789,4.99911277
2.60450000,5.00000000,4.99941099,4.99922298
2.60950000,5.00000000,4.99909581,4.99934163
2.61450000,5.00000000,4.99891638,4.99946465
2.61950000,5.00000000,4.99887879,4.99958830
2.62450000,5.00000000,4.99897237,4.99970923
2.62950000,5.00000000,4.99917272,4.99982455
2.63450000,5.00000000,4.99944588,4.99993181
2.63950000,5.00000000,4.99975318,5.00002907
2.64450000,5.00000000,5.00005618,5.00011485
2.64950000,5.00000000,5.00032094,5.00018814
2.65450000,5.00000000,5.00052144,5.00024838
2.65950000,5.00000000,5.00064169,5.00029541
2.66450000,5.00000000,5.00067647,5.00032943
2.66950000,5.00000000,5.00063084,5.00035099
2.67450000,5.00000000,5.00051842,5.00036088
2.67950000,5.00000000,5.00035900,5.00036012
2.68450000,5.00000000,5.00017560,5.00034991
2.68950000,5.00000000,4.99999157,5.00033156
2.69450000,5.00000000,4.99982784,5.00030645
2.69950000,5.00000000,4.99970087,5.00027599
2.70450000,5.00000000,4.99962119,5.00024158
2.70950000,5.00000000,4.99959288,5.00020456
2.71450000,5.00000000,4.99961374,5.00016620
2.71950000,5.00000000,4.99967624,5.00012766
2.72450000,5.00000000,4.99976890,5.00008998
2.72950000,5.00000000,4.99987804,5.00005408
2.73450000,5.00000000,4.99998955,5.00002069
2.73950000,5.00000000,5.00009051,4.99999043
2.74450000,5.00000000,5.00017059,4.99996376
2.74950000,5.00000000,5.00022288,4.99994098
2.75450000,5.00000000,5.00024439,4.99992228
2.75950000,5.00000000,5.00023590,4.99990769
2.76450000,5.00000000,5.00020154,4.99989715
2.76950000,5.00000000,5.00014792,4.99989050
2.77450000,5.00000000,5.00008316,4.99988748
2.77950000,5.00000000,5.00001577,4.99988777
2.78450000,5.00000000,4.99995367,4.99989100
2.78950000,5.00000000,4.99990337,4.99989676
2.79450000,5.00000000,4.99986932,4.99990463
2.79950000,5.00000000,4.99985367,4.99991415
2.80450000,5.00000000,4.99985628,4.99992489
2.80950000,5.00000000,4.99987492,4.99993644
2.81450000,5.00000000,4.99990580,4.99994841
2.81950000,5.00000000,4.99994412,4.99996042
2.82450000,5.00000000,4.99998474,4.99997215
2.82950000,5.00000000,5.00002283,4.99998334
2.83450000,5.00000000,5.00005432,4.99999373
2.83950000,5.00000000,5.00007634,5.00000314
2.84450000,5.00000000,5.00008738,5.00001143
2.84950000,5.00000000,5.00008734,5.00001851
2.85450000,5.00000000,5.00007739,5.00002432
2.85950000,5.00000000,5.00005971,5.00002884
2.86450000,5.00000000,5.00003712,5.00003211
2.86950000,5.00000000,5.00001268,5.00003416
2.87450000,5.00000000,4.99998938,5.00003508
2.87950000,5.00000000,4.99996973,5.00003497
2.88450000,5.00000000,4.99995559,5.00003395
2.88950000,5.00000000,4.99994797,5.00003214
2.89450000,5.00000000,4.99994705,5.00002968
2.89950000,5.00000000,4.99995224,5.00002671
2.90450000,5.00000000,4.99996231,5.00002335
2.90950000,5.00000000,4.99997559,5.00001975
2.91450000,5.00000000,4.99999025,5.00001602
2.91950000,5.00000000,5.00000447,5.00001227
2.92450000,5.00000000,5.00001668,5.00000862
2.92950000,5.00000000,5.00002573,5.00000513
2.93450000,5.00000000,5.00003090,5.00000190
2.93950000,5.00000000,5.00003202,4.99999897
2.94450000,5.00000000,5.00002939,4.99999639
2.94950000,5.00000000,5.00002370,4.99999419
2.95450000,5.00000000,5.00001592,4.99999239
2.95950000,5.00000000,5.00000715,4.99999099
2.96450000,5.00000000,4.99999850,4.99998998
2.96950000,5.00000000,4.99999092,4.99998934
2.97450000,5.00000000,4.99998517,4.99998906
2.97950000,5.00000000,4.99998171,4.99998910
2.98450000,5.00000000,4.99998069,4.99998942
2.98950000,5.00000000,4.99998196,4.99998999
2.99450000,5.00000000,4.99998515,4.99999076
2.99950000,5.00000000,4.99998969,4.99999169
3.00450000,5.00000000,4.99999492,4.99999274
3.00950000,5.00000000,5.00000018,4.99999386
3.01450000,5.00000000,5.00000486,4.99999503
3.01950000,5.00000000,5.00000850,4.99999619
3.02450000,5.00000000,5.00001079,4.99999733
3.02950000,5.00000000,5.00001162,4.99999842
3.03450000,5.00000000,5.00001104,4.99999942
3.03950000,5.00000000,5.00000927,5.00000034
3.04450000,5.00000000,5.00000663,5.00000114
3.04950000,5.00000000,5.00000352,5.00000182
3.05450000,5.00000000,5.00000034,5.00000238
3.05950000,5.00000000,4.99999745,5.00000282
3.06450000,5.00000000,4.99999515,5.00000313
3.06950000,5.00000000,4.99999365,5.00000332
3.07450000,5.00000000,4.99999303,5.00000341
3.07950000,5.00000000,4.99999326,5.00000340
3.08450000,5.00000000,4.99999423,5.00000329
3.08950000,5.00000000,4.99999576,5.00000312
3.09450000,5.00000000,4.99999760,5.00000287
3.09950000,5.00000000,4.99999953,5.00000258
3.10450000,5.00000000,5.00000130,5.00000226
3.10950000,5.00000000,5.00000274,5.00000191
3.11450000,5.00000000,5.00000372,5.00000154
3.11950000,5.00000000,5.00000417,5.00000118
3.12450000,5.00000000,5.00000411,5.00000082
3.12950000,5.00000000,5.00000358,5.00000049
3.13450000,5.00000000,5.00000270,5.00000017
3.13950000,5.00000000,5.00000161,4.99999989
3.14450000,5.00000000,5.00000045,4.99999964
3.14950000,5.00000000,4.99999936,4.99999943
3.15450000,5.00000000,4.99999846,4.99999926
3.15950000,5.00000000,4.99999783,4.99999912
3.16450000,5.00000000,4.99999751,4.99999902
3.16950000,5.00000000,4.99999751,4.99999896
3.17450000,5.00000000,4.99999779,4.99999894
3.17950000,5.00000000,4.99999829,4.99999894
3.18450000,5.00000000,4.99999893,4.99999897
3.18950000,5.00000000,4.99999963,4.99999903
3.19450000,5.00000000,5.00000030,4.99999911
3.19950000,5.00000000,5.00000086,4.99999920
3.20450000,5.00000000,5.00000126,4.99999930
3.20950000,5.00000000,5.00000148,4.99999941
3.21450000,5.00000000,5.00000151,4.99999952
3.21950000,5.00000000,5.00000137,4.99999963
3.22450000,5.00000000,5.00000108,4.99999974
3.22950000,5.00000000,5.00000070,4.99999985
3.23450000,5.00000000,5.00000028,4.99999995
3.23950000,5.00000000,4.99999988,5.00000004
3.24450000,5.00000000,4.99999953,5.00000011
3.24950000,5.00000000,4.99999927,5.00000018
3.25450000,5.00000000,4.99999912,5.00000023
3.25950000,5.00000000,4.99999909,5.00000027
3.26450000,5.00000000,4.99999916,5.00000030
3.26950000,5.00000000,4.99999932,5.00000032
3.27450000,5.00000000,4.99999954,5.00000033
3.27950000,5.00000000,4.99999979,5.00000033
3.28450000,5.00000000,5.00000004,5.00000032
3.28950000,5.00000000,5.00000026,5.00000030
3.29450000,5.00000000,5.00000042,5.00000028
3.29950000,5.00000000,5.00000052,5.00000025
3.30450000,5.00000000,5.00000055,5.00000022
3.30950000,5.00000000,5.00000052,5.00000018
3.31450000,5.00000000,5.00000043,5.00000015
3.31950000,5.00000000,5.00000030,5.00000011
3.32450000,5.00000000,5.00000015,5.00000008
3.32950000,5.00000000,5.00000000,5.00000005
3.33450000,5.00000000,4.99999986,5.00000002
3.33950000,5.00000000,4.99999976,4.99999999
3.34450000,5.00000000,4.99999969,4.99999996
3.34950000,5.00000000,4.99999967,4.99999994
3.35450000,5.00000000,4.99999968,4.99999993
3.35950000,5.00000000,4.99999973,4.99999991
3.36450000,5.00000000,4.99999981,4.99999990
3.36950000,5.00000000,4.99999990,4.99999990
3.37450000,5.00000000,4.99999999,4.99999990
3.37950000,5.00000000,5.00000007,4.99999990
3.38450000,5.00000000,5.00000014,4.99999990
3.38950000,5.00000000,5.00000018,4.99999991
3.39450000,5.00000000,5.00000020,4.99999991
3.39950000,5.00000000,5.00000019,4.99999992
3.40450000,5.00000000,5.00000017,4.99999993
3.40950000,5.00000000,5.00000012,4.99999994
3.41450000,5.00000000,5.00000007,4.99999995
3.41950000,5.00000000,5.00000001,4.99999996
3.42450000,5.00000000,4.99999996,4.99999998
3.42950000,5.00000000,4.99999992,4.99999999
3.43450000,5.00000000,4.99999989,5.00000000
3.43950000,5.00000000,4.99999988,5.00000000
3.44450000,5.00000000,4.99999988,5.00000001
3.44950000,5.00000000,4.99999990,5.00000002
3.45450000,5.00000000,4.99999992,5.00000002
3.45950000,5.00000000,4.99999995,5.00000003
3.46450000,5.00000000,4.99999999,5.00000003
3.46950000,5.00000000,5.00000002,5.00000003
3.47450000,5.00000000,5.00000004,5.00000003
3.47950000,5.00000000,5.00000006,5.00000003
3.48450000,5.00000000,5.00000007,5.00000003
3.48950000,5.00000000,5.00000007,5.00000003
3.49450000,5.00000000,5.00000006,5.00000003
3.49950000,5.00000000,5.00000005,5.00000002
3.50450000,5.00000000,5.00000003,5.00000002
3.50950000,5.00000000,5.00000001,5.00000002
3.51450000,5.00000000,4.99999999,5.00000001
3.51950000,5.00000000,4.99999998,5.00000001
3.52450000,5.00000000,4.99999996,5.00000001
3.52950000,5.00000000,4.99999996,5.00000000
3.53450000,5.00000000,4.99999996,5.00000000
3.53950000,5.00000000,4.99999996,5.00000000
3.54450000,5.00000000,4.99999997,5.00000000
3.54950000,5.00000000,4.99999998,4.99999999
3.55450000,5.00000000,4.99999999,4.99999999
3.55950000,5.00000000,5.00000000,4.99999999
3.56450000,5.00000000,5.00000001,4.99999999
3.56950000,5.00000000,5.00000002,4.99999999
3.57450000,5.00000000,5.00000003,4.99999999
3.57950000,5.00000000,5.00000003,4.99999999
3.58450000,5.00000000,5.00000002,4.99999999
3.58950000,5.00000000,5.00000002,4.99999999
3.59450000,5.00000000,5.00000001,4.99999999
3.59950000,5.00000000,5.00000001,4.99999999
3.60400000,-5.00000000,3.78650280,4.02444743
3.60900000,-5.00000000,1.52449623,2.71235436
3.61400000,-5.00000000,-1.23999151,1.34052209
3.61900000,-5.00000000,-4.14042393,-0.04814462
3.62400000,-5.00000000,-6.83338372,-1.41501986
3.62900000,-5.00000000,-9.03511015,-2.72630815
3.63400000,-5.00000000,-10.54742476,-3.95340747
3.63900000,-5.00000000,-11.27121942,-5.07309475
3.64400000,-5.00000000,-11.20728415,-6.06754849
3.64900000,-5.00000000,-10.44571210,-6.92422586
3.65400000,-5.00000000,-9.14628525,-7.63561359
3.65900000,-5.00000000,-7.51301485,-8.19887302
3.66400000,-5.00000000,-5.76634050,-8.61540058
3.66900000,-5.00000000,-4.11638853,-8.89032439
3.67400000,-5.00000000,-2.74021284,-9.03195758
3.67900000,-5.00000000,-1.76518195,-9.05122739
3.68400000,-5.00000000,-1.25975105,-8.96109799
3.68900000,-5.00000000,-1.23188955,-8.77600289
3.69400000,-5.00000000,-1.63453744,-8.51130087
3.69900000,-5.00000000,-2.37673233,-8.18276749
3.70400000,-5.00000000,-3.33854801,-7.80613135
3.70900000,-5.00000000,-4.38774874,-7.39666284
3.71400000,-5.00000000,-5.39608890,-6.96882021
3.71900000,-5.00000000,-6.25344585,-6.53595612
3.72400000,-5.00000000,-6.87841007,-6.11008587
3.72900000,-5.00000000,-7.22450348,-5.70171641
3.73400000,-5.00000000,-7.28177998,-5.31973430
3.73900000,-5.00000000,-7.07411243,-4.97134876
3.74400000,-5.00000000,-6.65292722,-4.66208550
3.74900000,-5.00000000,-6.08847122,-4.39582581
3.75400000,-5.00000000,-5.45986152,-4.17488480
3.75900000,-5.00000000,-4.84517490,-4.00012263
3.76400000,-5.00000000,-4.31269763,-3.87108190
3.76900000,-5.00000000,-3.91420643,-3.78614486
3.77400000,-5.00000000,-3.68082927,-3.74270405
3.77900000,-5.00000000,-3.62168471,-3.73734029
3.78400000,-5.00000000,-3.72516165,-3.76600264
3.78900000,-5.00000000,-3.96241684,-3.82418521
3.79400000,-5.00000000,-4.29245997,-3.90709662
3.79900000,-5.00000000,-4.66808235,-4.00981825
3.80400000,-5.00000000,-5.04186777,-4.12744856
3.80900000,-5.00000000,-5.37159480,-4.25523094
3.81400000,-5.00000000,-5.62448147,-4.38866378
3.81900000,-5.00000000,-5.77991250,-4.52359152
3.82400000,-5.00000000,-5.83049915,-4.65627664
3.82900000,-5.00000000,-5.78152670,-4.78345257
3.83400000,-5.00000000,-5.64902191,-4.90235833
3.83900000,-5.00000000,-5.45680483,-5.01075597
3.84400000,-5.00000000,-5.23296634,-5.10693223
3.84900000,-5.00000000,-5.00623143,-5.18968614
3.85400000,-5.00000000,-4.80263301,-5.25830442
3.85900000,-5.00000000,-4.64284100,-5.31252663
3.86400000,-5.00000000,-4.54038080,-5.35250222
3.86900000,-5.00000000,-4.50084983,-5.37874144
3.87400000,-5.00000000,-4.52211612,-5.39206211
3.87900000,-5.00000000,-4.59537303,-5.39353405
3.88400000,-5.00000000,-4.70684051,-5.38442305
3.88900000,-5.00000000,-4.83985173,-5.36613574
3.89400000,-5.00000000,-4.97704793,-5.34016686
3.89900000,-5.00000000,-5.10242093,-5.30804994
3.90400000,-5.00000000,-5.20298759,-5.27131246
3.90900000,-5.00000000,-5.26994494,-5.23143605
3.91400000,-5.00000000,-5.29922951,-5.18982229
3.91900000,-5.00000000,-5.29147996,-5.14776443
3.92400000,-5.00000000,-5.25147021,-5.10642508
3.92900000,-5.00000000,-5.18713279,-5.06681979
3.93400000,-5.00000000,-5.10832658,-5.02980636
3.93900000,-5.00000000,-5.02551552,-4.99607951
3.94400000,-5.00000000,-4.94851761,-4.96617041
3.94900000,-5.00000000,-4.88545872,-4.94045067
3.95400000,-5.00000000,-4.84202851,-4.91914001
3.95900000,-5.00000000,-4.82109097,-4.90231724
3.96400000,-5.00000000,-4.82265662,-4.88993361
3.96900000,-5.00000000,-4.84418134,-4.88182823
3.97400000,-5.00000000,-4.88112374,-4.87774461
3.97900000,-5.00000000,-4.92767052,-4.87734801
3.98400000,-5.00000000,-4.97752987,-4.88024294
3.98900000,-5.00000000,-5.02469573,-4.88599027
3.99400000,-5.00000000,-5.06409929,-4.89412371
3.99900000,-5.00000000,-5.09208560,-4.90416513
4.00400000,-5.00000000,-5.10667960,-4.91563854
4.00900000,-5.00000000,-5.10763362,-4.92808242
4.01400000,-5.00000000,-5.09627378,-4.94106040
4.01900000,-5.00000000,-5.07518405,-4.95416999
4.02400000,-5.00000000,-5.04778077,-4.96704957
4.02900000,-5.00000000,-5.01783740,-4.97938340
4.03400000,-5.00000000,-4.98901882,-4.99090498
4.03900000,-5.00000000,-4.96447690,-5.00139867
4.04400000,-5.00000000,-4.94654674,-5.01069977
4.04900000,-5.00000000,-4.93656764,-5.01869332
4.05400000,-5.00000000,-4.93483582,-5.02531164
4.05900000,-5.00000000,-4.94068051,-5.03053089
4.06400000,-5.00000000,-4.95264173,-5.03436695
4.06900000,-5.00000000,-4.96871900,-5.03687055
4.07400000,-5.00000000,-4.98665513,-5.03812211
4.07900000,-5.00000000,-5.00421936,-5.03822638
4.08400000,-5.00000000,-5.01945775,-5.03730692
4.08900000,-5.00000000,-5.03088572,-5.03550082
4.09400000,-5.00000000,-5.03760722,-5.03295353
4.09900000,-5.00000000,-5.03935447,-5.02981413
4.10400000,-5.00000000,-5.03645230,-5.02623095
4.10900000,-5.00000000,-5.02971897,-5.02234775
4.11400000,-5.00000000,-5.02032141,-5.01830038
4.11900000,-5.00000000,-5.00960617,-5.01421411
4.12400000,-5.00000000,-4.99892771,-5.01020141
4.12900000,-5.00000000,-4.98949388,-5.00636046
4.13400000,-5.00000000,-4.98224428,-5.00277403
4.13900000,-5.00000000,-4.97777185,-4.99950908
4.14400000,-5.00000000,-4.97629205,-4.99661666
4.14900000,-5.00000000,-4.97765807,-4.99413234
4.15400000,-5.00000000,-4.98141566,-4.99207696
4.15900000,-5.00000000,-4.98688692,-4.99045773
4.16400000,-5.00000000,-4.99327080,-4.98926948
4.16900000,-5.00000000,-4.99974693,-4.98849622
4.17400000,-5.00000000,-5.00557074,-4.98811274
4.17900000,-5.00000000,-5.01014999,-4.98808626
4.18400000,-5.00000000,-5.01309593,-4.98837818
4.18900000,-5.00000000,-5.01424603,-4.98894570
4.19400000,-5.00000000,-5.01365865,-4.98974344
4.19900000,-5.00000000,-5.01158315,-4.99072493
4.20400000,-5.00000000,-5.00841153,-4.99184395
4.20900000,-5.00000000,-5.00461896,-4.99305572
4.21400000,-5.00000000,-5.00070109,-4.99431794
4.21900000,-5.00000000,-4.99711567,-4.99559162
4.22400000,-5.00000000,-4.99423459,-4.99684179
4.22900000,-5.00000000,-4.99231070,-4.99803792
4.23400000,-5.00000000,-4.99146167,-4.99915428
4.23900000,-5.00000000,-4.99167079,-5.00017012
4.24400000,-5.00000000,-4.99280306,-5.00106958
4.24900000,-5.00000000,-4.99463292,-5.00184167
4.25400000,-5.00000000,-4.99687937,-5.00247998
4.25900000,-5.00000000,-4.99924369,-5.00298233
4.26400000,-5.00000000,-5.00144520,-5.00335038
4.26900000,-5.00000000,-5.00325120,-5.00358919
4.27400000,-5.00000000,-5.00449836,-5.00370666
4.27900000,-5.00000000,-5.00510393,-5.00371304
4.28400000,-5.00000000,-5.00506665,-5.00362039
4.28900000,-5.00000000,-5.00445837,-5.00344208
4.29400000,-5.00000000,-5.00340814,-5.00319226
4.29900000,-5.00000000,-5.00208163,-5.00288541
4.30400000,-5.00000000,-5.00065841,-5.00253595
4.30900000,-5.00000000,-4.99931014,-5.00215782
4.31400000,-5.00000000,-4.99818193,-5.00176419
4.31900000,-5.00000000,-4.99737867,-5.00136718
4.32400000,-5.00000000,-4.99695734,-5.00097770
4.32900000,-5.00000000,-4.99692557,-5.00060521
4.33400000,-5.00000000,-4.99724601,-5.00025771
4.33900000,-5.00000000,-4.99784525,-4.99994166
4.34400000,-5.00000000,-4.99862598,-4.99966195
4.34900000,-5.00000000,-4.99948053,-4.99942200
4.35400000,-5.00000000,-5.00030416,-4.99922377
4.35900000,-5.00000000,-5.00100666,-4.99906793
4.36400000,-5.00000000,-5.00152105,-4.99895393
4.36900000,-5.00000000,-5.00180876,-4.99888018
4.37400000,-5.00000000,-5.00186096,-4.99884421
4.37900000,-5.00000000,-5.00169650,-4.99884280
4.38400000,-5.00000000,-5.00135683,-4.99887220
4.38900000,-5.00000000,-5.00089892,-4.99892822
4.39400000,-5.00000000,-5.00038716,-4.99900645
4.39900000,-5.00000000,-4.99988528,-4.99910237
4.40400000,-5.00000000,-4.99944920,-4.99921151
4.40900000,-5.00000000,-4.99912148,-4.99932950
4.41400000,-5.00000000,-4.99892791,-4.99945226
4.41900000,-5.00000000,-4.99887635,-4.99957600
4.42400000,-5.00000000,-4.99895771,-4.99969734
4.42900000,-5.00000000,-4.99914880,-4.99981334
4.43400000,-5.00000000,-4.99941637,-4.99992151
4.43900000,-5.00000000,-4.99972204,-5.00001984
4.44400000,-5.00000000,-5.00002710,-5.00010682
4.44900000,-5.00000000,-5.00029700,-5.00018139
4.45400000,-5.00000000,-5.00050482,-5.00024295
4.45900000,-5.00000000,-5.00063351,-5.00029130
4.46400000,-5.00000000,-5.00067677,-5.00032660
4.46900000,-5.00000000,-5.00063869,-5.00034938
4.47400000,-5.00000000,-5.00053214,-5.00036039
4.47900000,-5.00000000,-5.00037641,-5.00036065
4.48400000,-5.00000000,-5.00019435,-5.00035132
4.48900000,-5.00000000,-5.00000937,-5.00033373
4.49400000,-5.00000000,-4.99984279,-5.00030923
4.49900000,-5.00000000,-4.99971156,-5.00027924
4.50400000,-5.00000000,-4.99962687,-5.00024516
4.50900000,-5.00000000,-4.99959342,-5.00020834
4.51400000,-5.00000000,-4.99960962,-5.00017006
4.51900000,-5.00000000,-4.99966842,-5.00013149
4.52400000,-5.00000000,-4.99975866,-5.00009369
4.52900000,-5.00000000,-4.99986680,-5.00005756
4.53400000,-5.00000000,-4.99997868,-5.00002390
4.53900000,-5.00000000,-5.00008121,-4.99999330
4.54400000,-5.00000000,-5.00016375,-4.99996625
4.54900000,-5.00000000,-5.00021902,-4.99994308
4.55400000,-5.00000000,-5.00024363,-4.99992396
4.55900000,-5.00000000,-5.00023801,-4.99990896
4.56400000,-5.00000000,-5.00020597,-4.99989803
4.56900000,-5.00000000,-5.00015393,-4.99989100
4.57400000,-5.00000000,-5.00008989,-4.99988763
4.57900000,-5.00000000,-5.00002239,-4.99988760
4.58400000,-5.00000000,-4.99995944,-4.99989056
4.58900000,-5.00000000,-4.99990772,-4.99989609
4.59400000,-5.00000000,-4.99987191,-4.99990376
4.59900000,-5.00000000,-4.99985440,-4.99991313
4.60400000,-5.00000000,-4.99985525,-4.99992377
4.60900000,-5.00000000,-4.99987244,-4.99993526
4.61400000,-5.00000000,-4.99990229,-4.99994720
4.61900000,-5.00000000,-4.99994010,-4.99995922
4.62400000,-5.00000000,-4.99998072,-4.99997100
4.62900000,-5.00000000,-5.00001926,-4.99998225
4.63400000,-5.00000000,-5.00005156,-4.99999273
4.63900000,-5.00000000,-5.00007462,-5.00000225
4.64400000,-5.00000000,-5.00008678,-5.00001066
4.64900000,-5.00000000,-5.00008782,-5.00001786
4.65400000,-5.00000000,-5.00007878,-5.00002380
4.65900000,-5.00000000,-5.00006175,-5.00002845
4.66400000,-5.00000000,-5.00003951,-5.00003184
4.66900000,-5.00000000,-5.00001512,-5.00003401
4.67400000,-5.00000000,-4.99999158,-5.00003504
4.67900000,-5.00000000,-4.99997148,-5.00003503
4.68400000,-5.00000000,-4.99995672,-5.00003409
4.68900000,-5.00000000,-4.99994842,-5.00003236
4.69400000,-5.00000000,-4.99994686,-5.00002995
4.69900000,-5.00000000,-4.99995148,-5.00002702
4.70400000,-5.00000000,-4.99996113,-5.00002370
4.70900000,-5.00000000,-4.99997417,-5.00002011
4.71400000,-5.00000000,-4.99998877,-5.00001639
4.71900000,-5.00000000,-5.00000311,-5.00001264
4.72400000,-5.00000000,-5.00001559,-5.00000898
4.72900000,-5.00000000,-5.00002499,-5.00000547
4.73400000,-5.00000000,-5.00003056,-5.00000221
4.73900000,-5.00000000,-5.00003208,-4.99999925
4.74400000,-5.00000000,-5.00002980,-4.99999663
4.74900000,-5.00000000,-5.00002438,-4.99999440
4.75400000,-5.00000000,-5.00001676,-4.99999255
4.75900000,-5.00000000,-5.00000804,-4.99999111
4.76400000,-5.00000000,-4.99999933,-4.99999006
4.76900000,-5.00000000,-4.99999160,-4.99998939
4.77400000,-5.00000000,-4.99998565,-4.99998907
4.77900000,-5.00000000,-4.99998195,-4.99998908
4.78400000,-5.00000000,-4.99998068,-4.99998938
4.78900000,-5.00000000,-4.99998174,-4.99998993
4.79400000,-5.00000000,-4.99998476,-4.99999068
4.79900000,-5.00000000,-4.99998920,-4.99999159
4.80400000,-5.00000000,-4.99999439,-4.99999263
4.80900000,-5.00000000,-4.99999967,-4.99999375
4.81400000,-5.00000000,-5.00000444,-4.99999491
4.81900000,-5.00000000,-5.00000820,-4.99999608
4.82400000,-5.00000000,-5.00001063,-4.99999722
4.82900000,-5.00000000,-5.00001160,-4.99999831
4.83400000,-5.00000000,-5.00001116,-4.99999933
4.83900000,-5.00000000,-5.00000949,-5.00000025
4.84400000,-5.00000000,-5.00000692,-5.00000106
4.84900000,-5.00000000,-5.00000384,-5.00000176
4.85400000,-5.00000000,-5.00000065,-5.00000233
4.85900000,-5.00000000,-4.99999771,-5.00000278
4.86400000,-5.00000000,-4.99999535,-5.00000310
4.86900000,-5.00000000,-4.99999376,-5.00000331
4.87400000,-5.00000000,-4.99999305,-5.00000341
4.87900000,-5.00000000,-4.99999320,-5.00000340
4.88400000,-5.00000000,-4.99999411,-5.00000331
4.88900000,-5.00000000,-4.99999559,-5.00000314
4.89400000,-5.00000000,-4.99999741,-5.00000290
4.89900000,-5.00000000,-4.99999934,-5.00000262
4.90400000,-5.00000000,-5.00000114,-5.00000229
4.90900000,-5.00000000,-5.00000262,-5.00000194
4.91400000,-5.00000000,-5.00000365,-5.00000158
4.91900000,-5.00000000,-5.00000415,-5.00000122
4.92400000,-5.00000000,-5.00000414,-5.00000086
4.92900000,-5.00000000,-5.00000365,-5.00000052
4.93400000,-5.00000000,-5.00000280,-5.00000020
4.93900000,-5.00000000,-5.00000172,-4.99999992
4.94400000,-5.00000000,-5.00000056,-4.99999966
4.94900000,-5.00000000,-4.99999946,-4.99999945
4.95400000,-5.00000000,-4.99999854,-4.99999927
4.95900000,-5.00000000,-4.99999788,-4.99999913
4.96400000,-5.00000000,-4.99999753,-4.99999903
4.96900000,-5.00000000,-4.99999749,-4.99999897
4.97400000,-5.00000000,-4.99999775,-4.99999894
4.97900000,-5.00000000,-4.99999823,-4.99999894
4.98400000,-5.00000000,-4.99999886,-4.99999897
4.98900000,-5.00000000,-4.99999956,-4.99999902
4.99400000,-5.00000000,-5.00000023,-4.99999910
4.99900000,-5.00000000,-5.00000081,-4.99999919
5.00400000,-5.00000000,-5.00000123,-4.99999929
5.00900000,-5.00000000,-5.00000147,-4.99999940
5.01400000,-5.00000000,-5.00000152,-4.99999951
5.01900000,-5.00000000,-5.00000139,-4.99999962
5.02400000,-5.00000000,-5.00000111,-4.99999973
5.02900000,-5.00000000,-5.00000074,-4.99999984
5.03400000,-5.00000000,-5.00000033,-4.99999994
5.03900000,-5.00000000,-4.99999992,-5.00000003
5.04400000,-5.00000000,-4.99999956,-5.00000011
5.04900000,-5.00000000,-4.99999929,-5.00000017
5.05400000,-5.00000000,-4.99999913,-5.00000023
5.05900000,-5.00000000,-4.99999908,-5.00000027
5.06400000,-5.00000000,-4.99999915,-5.00000030
5.06900000,-5.00000000,-4.99999930,-5.00000032
5.07400000,-5.00000000,-4.99999952,-5.00000033
5.07900000,-5.00000000,-4.99999977,-5.00000033
5.08400000,-5.00000000,-5.00000002,-5.00000032
5.08900000,-5.00000000,-5.00000024,-5.00000030
5.09400000,-5.00000000,-5.00000041,-5.00000028
5.09900000,-5.00000000,-5.00000051,-5.00000025
5.10400000,-5.00000000,-5.00000055,-5.00000022
5.10900000,-5.00000000,-5.00000052,-5.00000019
5.11400000,-5.00000000,-5.00000044,-5.00000015
5.11900000,-5.00000000,-5.00000031,-5.00000012
5.12400000,-5.00000000,-5.00000016,-5.00000008
5.12900000,-5.00000000,-5.00000001,-5.00000005
5.13400000,-5.00000000,-4.99999987,-5.00000002
5.13900000,-5.00000000,-4.99999977,-4.99999999
5.14400000,-5.00000000,-4.99999970,-4.99999997
5.14900000,-5.00000000,-4.99999967,-4.99999995
5.15400000,-5.00000000,-4.99999968,-4.99999993
5.15900000,-5.00000000,-4.99999973,-4.99999992
5.16400000,-5.00000000,-4.99999980,-4.99999991
5.16900000,-5.00000000,-4.99999989,-4.99999990
5.17400000,-5.00000000,-4.99999998,-4.99999990
5.17900000,-5.00000000,-5.00000006,-4.99999990
5.18400000,-5.00000000,-5.00000013,-4.99999990
5.18900000,-5.00000000,-5.00000018,-4.99999991
5.19400000,-5.00000000,-5.00000020,-4.99999991
5.19900000,-5.00000000,-5.00000019,-4.99999992
5.20400000,-5.00000000,-5.00000017,-4.99999993
5.20900000,-5.00000000,-5.00000013,-4.99999994
5.21400000,-5.00000000,-5.00000007,-4.99999995
5.21900000,-5.00000000,-5.00000002,-4.99999996
5.22400000,-5.00000000,-4.99999997,-4.99999997
5.22900000,-5.00000000,-4.99999993,-4.99999998
5.23400000,-5.00000000,-4.99999990,-4.99999999
5.23900000,-5.00000000,-4.99999988,-5.00000000
5.24400000,-5.00000000,-4.99999988,-5.00000001
5.24900000,-5.00000000,-4.99999990,-5.00000002
5.25400000,-5.00000000,-4.99999992,-5.00000002
5.25900000,-5.00000000,-4.99999995,-5.00000003
5.26400000,-5.00000000,-4.99999998,-5.00000003
5.26900000,-5.00000000,-5.00000001,-5.00000003
5.27400000,-5.00000000,-5.00000004,-5.00000003
5.27900000,-5.00000000,-5.00000006,-5.00000003
5.28400000,-5.00000000,-5.00000007,-5.00000003
5.28900000,-5.00000000,-5.00000007,-5.00000003
5.29400000,-5.00000000,-5.00000006,-5.00000003
5.29900000,-5.00000000,-5.00000005,-5.00000002
5.30400000,-5.00000000,-5.00000003,-5.00000002
5.30900000,-5.00000000,-5.00000001,-5.00000002
5.31400000,-5.00000000,-4.99999999,-5.00000001
5.31900000,-5.00000000,-4.99999998,-5.00000001
5.32400000,-5.00000000,-4.99999996,-5.00000001
5.32900000,-5.00000000,-4.99999996,-5.00000000
5.33400000,-5.00000000,-4.99999996,-5.00000000
5.33900000,-5.00000000,-4.99999996,-5.00000000
5.34400000,-5.00000000,-4.99999997,-5.00000000
5.34900000,-5.00000000,-4.99999998,-4.99999999
5.35400000,-5.00000000,-4.99999999,-4.99999999
5.35900000,-5.00000000,-5.00000000,-4.99999999
5.36400000,-5.00000000,-5.00000001,-4.99999999
5.36900000,-5.00000000,-5.00000002,-4.99999999
5.37400000,-5.00000000,-5.00000002,-4.99999999
5.37900000,-5.00000000,-5.00000003,-4.99999999
5.38400000,-5.00000000,-5.00000002,-4.99999999
5.38900000,-5.00000000,-5.00000002,-4.99999999
5.39400000,-5.00000000,-5.00000001,-4.99999999
5.39900000,-5.00000000,-5.00000001,-4.99999999
5.40350000,5.00000000,-3.97132165,-4.15060914
5.40850000,5.00000000,-1.77932962,-2.84699325
5.41350000,5.00000000,0.95142309,-1.47913941
5.41850000,5.00000000,3.85441287,-0.09034241
5.42350000,5.00000000,6.58211566,1.28031592
5.42850000,5.00000000,8.84344368,2.59853771
5.43350000,5.00000000,10.43084114,3.83519041
5.43850000,5.00000000,11.23505200,4.96650947
5.44350000,5.00000000,11.24718034,5.97413652
5.44850000,5.00000000,10.54914585,6.84501015
5.45350000,5.00000000,9.29483795,7.57112851
5.45850000,5.00000000,7.68508501,8.14920404
5.46350000,5.00000000,5.93992967,8.58023142
5.46850000,5.00000000,4.27163925,8.86898965
5.47350000,5.00000000,2.86143680,9.02349877
5.47850000,5.00000000,1.84220176,9.05445063
5.48350000,5.00000000,1.28847557,8.97463154
5.48850000,5.00000000,1.21413807,8.79835300
5.49350000,5.00000000,1.57721174,8.54090486
5.49850000,5.00000000,2.29049899,8.21804265
5.50350000,5.00000000,3.23623214,7.84551908
5.50850000,5.00000000,4.28265170,7.43866729
5.51350000,5.00000000,5.30042885,7.01204094
5.51850000,5.00000000,6.17708524,6.57911471
5.52350000,5.00000000,6.82798425,6.15204630
5.52850000,5.00000000,7.20300709,5.74149951
5.53350000,5.00000000,7.28861007,5.35652637
5.53850000,5.00000000,7.10551512,5.00450490
5.54350000,5.00000000,6.70275507,4.69112812
5.54850000,5.00000000,6.14913251,4.42043882
5.55350000,5.00000000,5.52333357,4.19490424
5.55850000,5.00000000,4.90395975,4.01552420
5.56350000,5.00000000,4.36061769,3.88196628
5.56850000,5.00000000,3.94696660,3.79272126
5.57350000,5.00000000,3.69630638,3.74527271
5.57850000,5.00000000,3.61994002,3.73627451
5.58350000,5.00000000,3.70820419,3.76173086
5.58850000,5.00000000,3.93377061,3.81717360
5.59350000,5.00000000,4.25660475,3.89783255
5.59850000,5.00000000,4.62984485,3.99879507
5.60350000,5.00000000,5.00583745,4.11515186
5.60850000,5.00000000,5.34162801,4.24212660
5.61350000,5.00000000,5.60334100,4.37518772
5.61850000,5.00000000,5.76906904,4.51014154
5.62350000,5.00000000,5.83010031,4.64320602
5.62850000,5.00000000,5.79051937,4.77106565
5.63350000,5.00000000,5.66539804,4.89090783
5.63850000,5.00000000,5.47792973,5.00044197
5.64350000,5.00000000,5.25594351,5.09790271
5.64850000,5.00000000,5.02825879,5.18203876
5.65350000,5.00000000,4.82131093,5.25208948
5.65850000,5.00000000,4.65640227,5.30775097
5.66350000,5.00000000,4.54782464,5.34913380
5.66850000,5.00000000,4.50197489,5.37671451
5.67350000,5.00000000,4.51745922,5.39128260
5.67850000,5.00000000,4.58607064,5.39388525
5.68350000,5.00000000,4.69443671,5.38577115
5.68850000,5.00000000,4.82608018,5.36833526
5.69350000,5.00000000,4.96361516,5.34306580
5.69850000,5.00000000,5.09081557,5.31149452
5.70350000,5.00000000,5.19433437,5.27515139
5.70850000,5.00000000,5.26491532,5.23552423
5.71350000,5.00000000,5.29801315,5.19402402
5.71850000,5.00000000,5.29381389,5.15195595
5.72350000,5.00000000,5.25671623,5.11049652
5.72850000,5.00000000,5.19438938,5.07067657
5.73350000,5.00000000,5.11655889,5.03336998
5.73850000,5.00000000,5.03368679,4.99928789
5.74350000,5.00000000,4.95570703,4.96897771
5.74850000,5.00000000,4.89095375,4.94282671
5.75350000,5.00000000,4.84538378,4.92106938
5.75850000,5.00000000,4.82215078,4.90379802
5.76350000,5.00000000,4.82154209,4.89097600
5.76850000,5.00000000,4.84124760,4.88245289
5.77350000,5.00000000,4.87689500,4.87798100
5.77850000,5.00000000,4.92276282,4.87723263
5.78350000,5.00000000,4.97257149,4.87981757
5.78850000,5.00000000,5.02025464,4.88530032
5.79350000,5.00000000,5.06062505,4.89321659
5.79850000,5.00000000,5.08987076,4.90308877
5.80350000,5.00000000,5.10584305,4.91444008
5.80850000,5.00000000,5.10812533,4.92680704
5.81350000,5.00000000,5.09789829,4.93975033
5.81850000,5.00000000,5.07763789,4.95286376
5.82350000,5.00000000,5.05069828,4.96578133
5.82850000,5.00000000,5.02083876,4.97818257
5.83350000,5.00000000,4.99175465,4.98979592
5.83850000,5.00000000,4.96666466,5.00040065
5.84350000,5.00000000,4.94799583,5.00982699
5.84850000,5.00000000,4.93719130,5.01795509
5.85350000,5.00000000,4.93465008,5.02471270
5.85850000,5.00000000,4.93979157,5.03007176
5.86350000,5.00000000,4.95122441,5.03404440
5.86850000,5.00000000,4.96698969,5.03667807
5.87350000,5.00000000,4.98484287,5.03805048
5.87850000,5.00000000,5.00253852,5.03826418
5.88350000,5.00000000,5.01808523,5.03744111
5.88850000,5.00000000,5.02994485,5.03571722
5.89350000,5.00000000,5.03715937,5.03323737
5.89850000,5.00000000,5.03939861,5.03015046
5.90350000,5.00000000,5.03693169,5.02660509
5.90850000,5.00000000,5.03053343,5.02274562
5.91350000,5.00000000,5.02134329,5.01870884
5.91850000,5.00000000,5.01069771,5.01462117
5.92350000,5.00000000,4.99995772,5.01059646
5.92850000,5.00000000,4.99035195,5.00673434
5.93350000,5.00000000,4.98285112,5.00311919
5.93850000,5.00000000,4.97808503,4.99981953
5.94350000,5.00000000,4.97630690,4.99688801
5.94850000,5.00000000,4.97740429,4.99436170
5.95350000,5.00000000,4.98095029,4.99226289
5.95850000,5.00000000,4.98628502,4.99060008
5.96350000,5.00000000,4.99261503,4.98936929
5.96850000,5.00000000,4.99911736,4.98855553
5.97350000,5.00000000,5.00503606,4.98813443
5.97850000,5.00000000,5.00976089,4.98807391
5.98350000,5.00000000,5.01288126,4.98833585
5.98850000,5.00000000,5.01421180,4.98887782
5.99350000,5.00000000,5.01378977,4.98965463
5.99850000,5.00000000,5.01184735,4.99061984
6.00350000,5.00000000,5.00876484,4.99172716
6.00850000,5.00000000,5.00501191,4.99293160
6.01350000,5.00000000,5.00108493,4.99419059
6.01850000,5.00000000,4.99744780,4.99546477
6.02350000,5.00000000,4.99448276,4.99671874
6.02850000,5.00000000,4.99245558,4.99792151
6.03350000,5.00000000,4.99149768,4.99904687
6.03850000,5.00000000,4.99160529,5.00007355
6.04350000,5.00000000,4.99265416,5.00098522
6.04850000,5.00000000,4.99442628,5.00177041
6.05350000,5.00000000,4.99664452,5.00242226
6.05850000,5.00000000,4.99901024,5.00293819
6.06350000,5.00000000,5.00123949,5.00331950
6.06850000,5.00000000,5.00309367,5.00357092
6.07350000,5.00000000,5.00440180,5.00370009
6.07850000,5.00000000,5.00507289,5.00371707
6.08350000,5.00000000,5.00509777,5.00363374
6.08850000,5.00000000,5.00454157,5.00346337
6.09350000,5.00000000,5.00352852,5.00322005
6.09850000,5.00000000,5.00222160,5.00291825
6.10350000,5.00000000,5.00080003,5.00257241
6.10850000,5.00000000,4.99943718,5.00219654
6.11350000,5.00000000,4.99828150,5.00180389
6.11850000,5.00000000,4.99744236,5.00140672
6.12350000,5.00000000,4.99698169,5.00101603
6.12850000,5.00000000,4.99691196,5.00064145
6.13350000,5.00000000,4.99719997,5.00029114
6.13850000,5.00000000,4.99777543,4.99997170
6.14350000,5.00000000,4.99854279,4.99968818
6.14850000,5.00000000,4.99939482,4.99944414
6.15350000,5.00000000,5.00022592,4.99924169
6.15850000,5.00000000,5.00094398,4.99908161
6.16350000,5.00000000,5.00147941,4.99896348
6.16850000,5.00000000,5.00179067,4.99888581
6.17350000,5.00000000,5.00186600,4.99884619
6.17850000,5.00000000,5.00172166,4.99884149
6.18350000,5.00000000,5.00139715,4.99886799
6.18850000,5.00000000,5.00094822,4.99892154
6.19350000,5.00000000,5.00043890,4.99899775
6.19850000,5.00000000,4.99993334,4.99909211
6.20350000,5.00000000,4.99948851,4.99920013
6.20850000,5.00000000,4.99914850,4.99931742
6.21350000,5.00000000,4.99894086,4.99943988
6.21850000,5.00000000,4.99887525,4.99956368
6.22350000,5.00000000,4.99894416,4.99968541
6.22850000,5.00000000,4.99912564,4.99980206
6.23350000,5.00000000,4.99938725,4.99991110
6.23850000,5.00000000,4.99969088,5.00001050
6.24350000,5.00000000,4.99999765,5.00009867
6.24850000,5.00000000,5.00027243,5.00017451
6.25350000,5.00000000,5.00048741,5.00023739
6.25850000,5.00000000,5.00062446,5.00028705
6.26350000,5.00000000,5.00067625,5.00032365
6.26850000,5.00000000,5.00064585,5.00034764
6.27350000,5.00000000,5.00054536,5.00035979
6.27850000,5.00000000,5.00039356,5.00036107
6.28350000,5.00000000,5.00021306,5.00035265
6.28850000,5.00000000,5.00002737,5.00033582
6.29350000,5.00000000,4.99985810,5.00031195
6.29850000,5.00000000,4.99972273,5.00028245
6.30350000,5.00000000,4.99963306,5.00024871
6.30850000,5.00000000,4.99959445,5.00021211
6.31350000,5.00000000,4.99960593,5.00017392
6.31850000,5.00000000,4.99966092,5.00013533
6.32350000,5.00000000,4.99974860,5.00009740
6.32850000,5.00000000,4.99985558,5.00006108
6.33350000,5.00000000,4.99996771,5.00002713
6.33850000,5.00000000,5.00007170,4.99999621
6.34350000,5.00000000,5.00015663,4.99996879
6.34850000,5.00000000,5.00021485,4.99994522
6.35350000,5.00000000,5.00024257,4.99992569
6.35850000,5.00000000,5.00023985,4.99991028
6.36350000,5.00000000,5.00021019,4.99989894
6.36850000,5.00000000,5.00015981,4.99989153
6.37350000,5.00000000,5.00009659,4.99988781
6.37850000,5.00000000,5.00002906,4.99988747
6.38350000,5.00000000,4.99996533,4.99989014
6.38850000,5.00000000,4.99991224,4.99989543
6.39350000,5.00000000,4.99987469,4.99990291
6.39850000,5.00000000,4.99985531,4.99991213
6.40350000,5.00000000,4.99985438,4.99992267
6.40850000,5.00000000,4.99987008,4.99993409
6.41350000,5.00000000,4.99989887,4.99994600
6.41850000,5.00000000,4.99993610,4.99995803
6.42350000,5.00000000,4.99997667,4.99996984
6.42850000,5.00000000,5.00001563,4.99998116
6.43350000,5.00000000,5.00004871,4.99999172
6.43850000,5.00000000,5.00007279,5.00000134
6.44350000,5.00000000,5.00008607,5.00000987
6.44850000,5.00000000,5.00008819,5.00001720
6.45350000,5.00000000,5.00008008,5.00002326
6.45850000,5.00000000,5.00006374,5.00002804
6.46350000,5.00000000,5.00004188,5.00003155
6.46850000,5.00000000,5.00001757,5.00003384
6.47350000,5.00000000,4.99999382,5.00003498
6.47850000,5.00000000,4.99997327,5.00003507
6.48350000,5.00000000,4.99995792,5.00003422
6.48850000,5.00000000,4.99994895,5.00003256
6.49350000,5.00000000,4.99994672,5.00003022
6.49850000,5.00000000,4.99995077,5.00002734
6.50350000,5.00000000,4.99995998,5.00002405
6.50850000,5.00000000,4.99997276,5.00002048
6.51350000,5.00000000,4.99998729,5.00001677
6.51850000,5.00000000,5.00000174,5.00001302
6.52350000,5.00000000,5.00001446,5.00000934
6.52850000,5.00000000,5.00002421,5.00000581
6.53350000,5.00000000,5.00003019,5.00000252
6.53850000,5.00000000,5.00003211,4.99999953
6.54350000,5.00000000,5.00003018,4.99999688
6.54850000,5.00000000,5.00002504,4.99999460
6.55350000,5.00000000,5.00001759,4.99999272
6.55850000,5.00000000,5.00000893,4.99999124
6.56350000,5.00000000,5.00000017,4.99999015
6.56850000,5.00000000,4.99999231,4.99998944
6.57350000,5.00000000,4.99998615,4.99998909
6.57850000,5.00000000,4.99998221,4.99998907
6.58350000,5.00000000,4.99998070,4.99998934
6.58850000,5.00000000,4.99998154,4.99998986
6.59350000,5.00000000,4.99998439,4.99999059
6.59850000,5.00000000,4.99998871,4.99999150
6.60350000,5.00000000,4.99999385,4.99999252
6.60850000,5.00000000,4.99999916,4.99999364
6.61350000,5.00000000,5.00000400,4.99999479
6.61850000,5.00000000,5.00000788,4.99999596
6.62350000,5.00000000,5.00001045,4.99999711
6.62850000,5.00000000,5.00001157,4.99999821
6.63350000,5.00000000,5.00001126,4.99999923
6.63850000,5.00000000,5.00000970,5.00000016
6.64350000,5.00000000,5.00000721,5.00000099
6.64850000,5.00000000,5.00000416,5.00000169
6.65350000,5.00000000,5.00000096,5.00000228
6.65850000,5.00000000,4.99999799,5.00000274
6.66350000,5.00000000,4.99999555,5.00000308
6.66850000,5.00000000,4.99999388,5.00000329
6.67350000,5.00000000,4.99999308,5.00000340
6.67850000,5.00000000,4.99999315,5.00000341
6.68350000,5.00000000,4.99999399,5.00000332
6.68850000,5.00000000,4.99999542,5.00000316
6.69350000,5.00000000,4.99999722,5.00000293
6.69850000,5.00000000,4.99999915,5.00000265
6.70350000,5.00000000,5.00000097,5.00000232
6.70850000,5.00000000,5.00000249,5.00000198
6.71350000,5.00000000,5.00000357,5.00000162
6.71850000,5.00000000,5.00000413,5.00000125
6.72350000,5.00000000,5.00000416,5.00000089
6.72850000,5.00000000,5.00000372,5.00000055
6.73350000,5.00000000,5.00000290,5.00000023
6.73850000,5.00000000,5.00000184,4.99999994
6.74350000,5.00000000,5.00000068,4.99999969
6.74850000,5.00000000,4.99999957,4.99999947
6.75350000,5.00000000,4.99999862,4.99999929
6.75850000,5.00000000,4.99999793,4.99999914
6.76350000,5.00000000,4.99999755,4.99999904
6.76850000,5.00000000,4.99999748,4.99999897
6.77350000,5.00000000,4.99999771,4.99999894
6.77850000,5.00000000,4.99999817,4.99999894
6.78350000,5.00000000,4.99999880,4.99999897
6.78850000,5.00000000,4.99999949,4.99999902
6.79350000,5.00000000,5.00000017,4.99999909
6.79850000,5.00000000,5.00000076,4.99999918
6.80350000,5.00000000,5.00000120,4.99999928
6.80850000,5.00000000,5.00000146,4.99999939
6.81350000,5.00000000,5.00000152,4.99999950
6.81850000,5.00000000,5.00000141,4.99999961
6.82350000,5.00000000,5.00000115,4.99999972
6.82850000,5.00000000,5.00000078,4.99999983
6.83350000,5.00000000,5.00000037,4.99999993
6.83850000,5.00000000,4.99999996,5.00000002
6.84350000,5.00000000,4.99999959,5.00000010
6.84850000,5.00000000,4.99999931,5.00000017
6.85350000,5.00000000,4.99999914,5.00000022
6.85850000,5.00000000,4.99999908,5.00000027
6.86350000,5.00000000,4.99999914,5.00000030
6.86850000,5.00000000,4.99999928,5.00000032
6.87350000,5.00000000,4.99999950,5.00000033
6.87850000,5.00000000,4.99999974,5.00000033
6.88350000,5.00000000,4.99999999,5.00000032
6.88850000,5.00000000,5.00000022,5.00000031
6.89350000,5.00000000,5.00000039,5.00000028
6.89850000,5.00000000,5.00000051,5.00000026
6.90350000,5.00000000,5.00000055,5.00000022
6.90850000,5.00000000,5.00000053,5.00000019
6.91350000,5.00000000,5.00000045,5.00000016
6.91850000,5.00000000,5.00000032,5.00000012
6.92350000,5.00000000,5.00000018,5.00000009
6.92850000,5.00000000,5.00000003,5.00000005
6.93350000,5.00000000,4.99999989,5.00000002
6.93850000,5.00000000,4.99999978,4.99999999
6.94350000,5.00000000,4.99999970,4.99999997
6.94850000,5.00000000,4.99999967,4.99999995
6.95350000,5.00000000,4.99999968,4.99999993
6.95850000,5.00000000,4.99999972,4.99999992
6.96350000,5.00000000,4.99999979,4.99999991
6.96850000,5.00000000,4.99999988,4.99999990
6.97350000,5.00000000,4.99999997,4.99999990
6.97850000,5.00000000,5.00000006,4.99999990
6.98350000,5.00000000,5.00000013,4.99999990
6.98850000,5.00000000,5.00000017,4.99999990
6.99350000,5.00000000,5.00000020,4.99999991
6.99850000,5.00000000,5.00000020,4.99999992
7.00350000,5.00000000,5.00000017,4.99999993
7.00850000,5.00000000,5.00000013,4.99999994
7.01350000,5.00000000,5.00000008,4.99999995
7.01850000,5.00000000,5.00000002,4.99999996
7.02350000,5.00000000,4.99999997,4.99999997
7.02850000,5.00000000,4.99999993,4.99999998
7.03350000,5.00000000,4.99999990,4.99999999
7.03850000,5.00000000,4.99999988,5.00000000
7.04350000,5.00000000,4.99999988,5.00000001
7.04850000,5.00000000,4.99999989,5.00000002
7.05350000,5.00000000,4.99999992,5.00000002
7.05850000,5.00000000,4.99999995,5.00000003
7.06350000,5.00000000,4.99999998,5.00000003
7.06850000,5.00000000,5.00000001,5.00000003
7.07350000,5.00000000,5.00000004,5.00000003
7.07850000,5.00000000,5.00000006,5.00000003
7.08350000,5.00000000,5.00000007,5.00000003
7.08850000,5.00000000,5.00000007,5.00000003
7.09350000,5.00000000,5.00000007,5.00000003
7.09850000,5.00000000,5.00000005,5.00000002
7.10350000,5.00000000,5.00000003,5.00000002
7.10850000,5.00000000,5.00000001,5.00000002
7.11350000,5.00000000,5.00000000,5.00000002
7.11850000,5.00000000,4.99999998,5.00000001
7.12350000,5.00000000,4.99999997,5.00000001
7.12850000,5.00000000,4.99999996,5.00000001
7.13350000,5.00000000,4.99999996,5.00000000
7.13850000,5.00000000,4.99999996,5.00000000
7.14350000,5.00000000,4.99999997,5.00000000
7.14850000,5.00000000,4.99999998,4.99999999
7.15350000,5.00000000,4.99999999,4.99999999
7.15850000,5.00000000,5.00000000,4.99999999
7.16350000,5.00000000,5.00000001,4.99999999
7.16850000,5.00000000,5.00000002,4.99999999
7.17350000,5.00000000,5.00000002,4.99999999
7.17850000,5.00000000,5.00000003,4.99999999
7.18350000,5.00000000,5.00000002,4.99999999
7.18850000,5.00000000,5.00000002,4.99999999
7.19350000,5.00000000,5.00000001,4.99999999
7.19850000,5.00000000,5.00000001,4.99999999
7.20300000,-5.00000000,4.14728073,4.27566312
7.20800000,-5.00000000,2.02875482,2.98099262
7.21300000,-5.00000000,-0.66456060,1.61755079
7.21800000,-5.00000000,-3.56660121,0.22901480
7.22300000,-5.00000000,-6.32611356,-1.14508334
7.22800000,-5.00000000,-8.64495539,-2.46994713
7.23300000,-5.00000000,-10.30634156,-3.71591553
7.23800000,-5.00000000,-11.19088779,-4.85868288
7.24300000,-5.00000000,-11.27991484,-5.87935283
7.24800000,-5.00000000,-10.64697785,-6.76434298
7.25300000,-5.00000000,-9.43982043,-7.50515946
7.25800000,-5.00000000,-7.85580799,-8.09806145
7.26300000,-5.00000000,-6.11431377,-8.54363690
7.26800000,-5.00000000,-4.42951155,-8.84631020
7.27300000,-5.00000000,-2.98661942,-9.01380266
7.27800000,-5.00000000,-1.92392750,-9.05656492
7.28300000,-5.00000000,-1.32204071,-8.98719968
7.28800000,-5.00000000,-1.20079847,-8.81989104
7.29300000,-5.00000000,-1.52341361,-8.56985472
7.29800000,-5.00000000,-2.20660162,-8.25282154
7.30300000,-5.00000000,-3.13492091,-7.88456419
7.30800000,-5.00000000,-4.17725395,-7.48047489
7.31300000,-5.00000000,-5.20333415,-7.05519976
7.31800000,-5.00000000,-6.09843808,-6.62233311
7.32300000,-5.00000000,-6.77476901,-6.19417329
7.32800000,-5.00000000,-7.17858784,-5.78153974
7.33300000,-5.00000000,-7.29272952,-5.39364935
7.33800000,-5.00000000,-7.13470469,-5.03804885
7.34300000,-5.00000000,-6.75106613,-4.72059891
7.34800000,-5.00000000,-6.20907223,-4.44550459
7.35300000,-5.00000000,-5.58687751,-4.21538631
7.35800000,-5.00000000,-4.96351836,-4.03138496
7.36300000,-5.00000000,-4.40985177,-3.89329462
7.36800000,-5.00000000,-3.98137513,-3.79971631
7.37300000,-5.00000000,-3.71354399,-3.74822640
7.37800000,-5.00000000,-3.61985640,-3.73555367
7.38300000,-5.00000000,-3.69263034,-3.75775920
7.38800000,-5.00000000,-3.90610271,-3.81041427
7.39300000,-5.00000000,-4.22125419,-3.88877150
7.39800000,-5.00000000,-4.59163088,-3.98792571
7.40300000,-5.00000000,-4.96939744,-4.10296115
7.40800000,-5.00000000,-5.31091039,-4.22908284
7.41300000,-5.00000000,-5.58122961,-4.36173026
7.41800000,-5.00000000,-5.75716790,-4.49667228
7.42300000,-5.00000000,-5.82868616,-4.63008294
7.42800000,-5.00000000,-5.79864986,-4.75859812
7.43300000,-5.00000000,-5.68114686,-4.87935380
7.43800000,-5.00000000,-5.49870866,-4.99000682
7.44300000,-5.00000000,-5.27886573,-5.08873954
7.44800000,-5.00000000,-5.05049785,-5.17425015
7.45300000,-5.00000000,-4.84041514,-5.24573031
7.45800000,-5.00000000,-4.67053347,-5.30283222
7.46300000,-5.00000000,-4.55590229,-5.34562711
7.46800000,-5.00000000,-4.50371898,-5.37455724
7.47300000,-5.00000000,-4.51333789,-5.39038328
7.47800000,-5.00000000,-4.57716836,-5.39412917
7.48300000,-5.00000000,-4.68226643,-5.38702596
7.48800000,-5.00000000,-4.81236654,-5.37045642
7.49300000,-5.00000000,-4.95007661,-5.34590173
7.49800000,-5.00000000,-5.07896996,-5.31489142
7.50300000,-5.00000000,-5.18534782,-5.27895753
7.50800000,-5.00000000,-5.25950691,-5.23959377
7.51300000,-5.00000000,-5.29642030,-5.19822019
7.51800000,-5.00000000,-5.29581610,-5.15615369
7.52300000,-5.00000000,-5.26170825,-5.11458450
7.52800000,-5.00000000,-5.20149034,-5.07455861
7.53300000,-5.00000000,-5.12474123,-5.03696598
7.53800000,-5.00000000,-5.04190833,-5.00253412
7.54300000,-5.00000000,-4.96303072,-4.97182673
7.54800000,-5.00000000,-4.89664296,-4.94524681
7.55300000,-5.00000000,-4.84896483,-4.92304371
7.55800000,-5.00000000,-4.82343901,-4.90532338
7.56300000,-5.00000000,-4.82063243,-4.89206145
7.56800000,-5.00000000,-4.83847441,-4.88311812
7.57300000,-5.00000000,-4.87276893,-4.87825467
7.57800000,-5.00000000,-4.91789433,-4.87715062
7.58300000,-5.00000000,-4.96759110,-4.87942121
7.58800000,-5.00000000,-5.01573927,-4.88463472
7.59300000,-5.00000000,-5.05703816,-4.89232903
7.59800000,-5.00000000,-5.08752173,-4.90202719
7.60300000,-5.00000000,-5.10486825,-4.91325175
7.60800000,-5.00000000,-5.10849087,-4.92553739
7.61300000,-5.00000000,-5.09942173,-4.93844194
7.61800000,-5.00000000,-5.08002461,-4.95155553
7.62300000,-5.00000000,-5.05358665,-4.96450790
7.62800000,-5.00000000,-5.02384828,-4.97697381
7.63300000,-5.00000000,-4.99453108,-4.98867674
7.63800000,-5.00000000,-4.96891747,-4.99939080
7.64300000,-5.00000000,-4.94952444,-5.00894118
7.64800000,-5.00000000,-4.93789841,-5.01720312
7.65300000,-5.00000000,-4.93454185,-5.02409974
7.65800000,-5.00000000,-4.93896601,-5.02959874
7.66300000,-5.00000000,-4.94985065,-5.03370842
7.66800000,-5.00000000,-4.96528125,-5.03647295
7.67300000,-5.00000000,-4.98302881,-5.03796724
7.67800000,-5.00000000,-5.00083580,-5.03829161
7.68300000,-5.00000000,-5.01667535,-5.03756628
7.68800000,-5.00000000,-5.02895700,-5.03592607
7.69300000,-5.00000000,-5.03666126,-5.03351514
7.69800000,-5.00000000,-5.03939526,-5.03048222
7.70300000,-5.00000000,-5.03737145,-5.02697610
7.70800000,-5.00000000,-5.03131981,-5.02314173
7.71300000,-5.00000000,-5.02235060,-5.01911680
7.71800000,-5.00000000,-5.01178841,-5.01502888
7.72300000,-5.00000000,-5.00099928,-5.01099314
7.72800000,-5.00000000,-4.99123134,-5.00711071
7.73300000,-5.00000000,-4.98348562,-5.00346751
7.73800000,-5.00000000,-4.97842838,-5.00013367
7.74300000,-5.00000000,-4.97635077,-4.99716342
7.74800000,-5.00000000,-4.97717519,-4.99459535
7.75300000,-5.00000000,-4.98050292,-4.99245319
7.75800000,-5.00000000,-4.98569310,-4.99074676
7.76300000,-5.00000000,-4.99196092,-4.98947327
7.76800000,-5.00000000,-4.99848184,-4.98861877
7.77300000,-5.00000000,-5.00448928,-4.98815973
7.77800000,-5.00000000,-5.00935556,-4.98806478
7.78300000,-5.00000000,-5.01264850,-4.98829633
7.78800000,-5.00000000,-5.01415988,-4.98881230
7.79300000,-5.00000000,-5.01390556,-4.98956770
7.79800000,-5.00000000,-5.01210008,-4.99051617
7.80300000,-5.00000000,-5.00911142,-4.99161133
7.80800000,-5.00000000,-5.00540316,-4.99280802
7.81300000,-5.00000000,-5.00147174,-4.99406338
7.81800000,-5.00000000,-4.99778675,-4.99533771
7.82300000,-5.00000000,-4.99474042,-4.99659517
7.82800000,-5.00000000,-4.99261127,-4.99780432
7.83300000,-5.00000000,-4.99154444,-4.99893846
7.83800000,-5.00000000,-4.99154928,-4.99997582
7.84300000,-5.00000000,-4.99251254,-5.00089959
7.84800000,-5.00000000,-4.99422413,-5.00169782
7.85300000,-5.00000000,-4.99641113,-5.00236318
7.85800000,-5.00000000,-4.99877539,-5.00289270
7.86300000,-5.00000000,-5.00102998,-5.00328732
7.86800000,-5.00000000,-5.00293060,-5.00355142
7.87300000,-5.00000000,-5.00429881,-5.00369241
7.87800000,-5.00000000,-5.00503533,-5.00372009
7.88300000,-5.00000000,-5.00512303,-5.00364622
7.88800000,-5.00000000,-5.00462018,-5.00348392
7.89300000,-5.00000000,-5.00364594,-5.00324725
7.89800000,-5.00000000,-5.00236043,-5.00295065
7.90300000,-5.00000000,-5.00094227,-5.00260857
7.90800000,-5.00000000,-4.99956632,-5.00223509
7.91300000,-5.00000000,-4.99838427,-5.00184355
7.91800000,-5.00000000,-4.99750988,-5.00144631
7.92300000,-5.00000000,-4.99700999,-5.00105452
7.92800000,-5.00000000,-4.99690196,-5.00067794
7.93300000,-5.00000000,-4.99715684,-5.00032488
7.93800000,-5.00000000,-4.99770753,-5.00000210
7.94300000,-5.00000000,-4.99846045,-4.99971480
7.94800000,-5.00000000,-4.99930889,-4.99946669
7.95300000,-5.00000000,-5.00014652,-4.99926003
7.95800000,-5.00000000,-5.00087945,-4.99909572
7.96300000,-5.00000000,-5.00143550,-4.99897344
7.96800000,-5.00000000,-5.00177019,-4.99889182
7.97300000,-5.00000000,-5.00186882,-4.99884853
7.97800000,-5.00000000,-5.00174501,-4.99884049
7.98300000,-5.00000000,-5.00143621,-4.99886405
7.98800000,-5.00000000,-5.00099691,-4.99891509
7.99300000,-5.00000000,-5.00049069,-4.99898924
7.99800000,-5.00000000,-4.99998202,-4.99908199
8.00300000,-5.00000000,-4.99952888,-4.99918884
8.00800000,-5.00000000,-4.99917686,-4.99930540
8.01300000,-5.00000000,-4.99895526,-4.99942751
8.01800000,-5.00000000,-4.99887551,-4.99955134
8.02300000,-5.00000000,-4.99893175,-4.99967342
8.02800000,-5.00000000,-4.99910329,-4.99979070
8.03300000,-5.00000000,-4.99935855,-4.99990060
8.03800000,-5.00000000,-4.99965975,-5.00000104
8.04300000,-5.00000000,-4.99996788,-5.00009039
8.04800000,-5.00000000,-5.00024726,-5.00016751
8.05300000,-5.00000000,-5.00046920,-5.00023169
8.05800000,-5.00000000,-5.00061456,-5.00028268
8.06300000,-5.00000000,-5.00067489,-5.00032057
8.06800000,-5.00000000,-5.00065230,-5.00034579
8.07300000,-5.00000000,-5.00055807,-5.00035908
8.07800000,-5.00000000,-5.00041042,-5.00036140
8.08300000,-5.00000000,-5.00023173,-5.00035389
8.08800000,-5.00000000,-5.00004553,-5.00033784
8.09300000,-5.00000000,-4.99987374,-5.00031461
8.09800000,-5.00000000,-4.99973435,-5.00028561
8.10300000,-5.00000000,-4.99963976,-5.00025224
8.10800000,-5.00000000,-4.99959600,-5.00021586
8.11300000,-5.00000000,-4.99960268,-5.00017777
8.11800000,-5.00000000,-4.99965374,-5.00013917
8.12300000,-5.00000000,-4.99973873,-5.00010114
8.12800000,-5.00000000,-4.99984442,-5.00006461
8.13300000,-5.00000000,-4.99995666,-5.00003040
8.13800000,-5.00000000,-5.00006201,-4.99999915
8.14300000,-5.00000000,-5.00014924,-4.99997136
8.14800000,-5.00000000,-5.00021037,-4.99994739
8.15300000,-5.00000000,-5.00024120,-4.99992746
8.15800000,-5.00000000,-5.00024141,-4.99991164
8.16300000,-5.00000000,-5.00021421,-4.99989990
8.16800000,-5.00000000,-5.00016556,-4.99989210
8.17300000,-5.00000000,-5.00010325,-4.99988802
8.17800000,-5.00000000,-5.00003577,-4.99988736
8.18300000,-5.00000000,-4.99997132,-4.99988975
8.18800000,-5.00000000,-4.99991691,-4.99989480
8.19300000,-5.00000000,-4.99987765,-4.99990207
8.19800000,-5.00000000,-4.99985640,-4.99991114
8.20300000,-5.00000000,-4.99985368,-4.99992157
8.20800000,-5.00000000,-4.99986785,-4.99993292
8.21300000,-5.00000000,-4.99989552,-4.99994480
8.21800000,-5.00000000,-4.99993214,-4.99995683
8.22300000,-5.00000000,-4.99997261,-4.99996868
8.22800000,-5.00000000,-5.00001193,-4.99998005
8.23300000,-5.00000000,-5.00004576,-4.99999071
8.23800000,-5.00000000,-5.00007085,-5.00000043
8.24300000,-5.00000000,-5.00008525,-5.00000907
8.24800000,-5.00000000,-5.00008847,-5.00001652
8.25300000,-5.00000000,-5.00008130,-5.00002271
8.25800000,-5.00000000,-5.00006567,-5.00002762
8.26300000,-5.00000000,-5.00004423,-5.00003126
8.26800000,-5.00000000,-5.00002002,-5.00003367
8.27300000,-5.00000000,-4.99999609,-5.00003492
8.27800000,-5.00000000,-4.99997512,-5.00003511
8.28300000,-5.00000000,-4.99995918,-5.00003435
8.28800000,-5.00000000,-4.99994954,-5.00003276
8.29300000,-5.00000000,-4.99994665,-5.00003048
8.29800000,-5.00000000,-4.99995011,-5.00002764
8.30300000,-5.00000000,-4.99995887,-5.00002439
8.30800000,-5.00000000,-4.99997138,-5.00002085
8.31300000,-5.00000000,-4.99998582,-5.00001714
8.31800000,-5.00000000,-5.00000035,-5.00001339
8.32300000,-5.00000000,-5.00001331,-5.00000970
8.32800000,-5.00000000,-5.00002340,-5.00000616
8.33300000,-5.00000000,-5.00002977,-5.00000284
8.33800000,-5.00000000,-5.00003210,-4.99999982
8.34300000,-5.00000000,-5.00003054,-4.99999713
8.34800000,-5.00000000,-5.00002567,-4.99999481
8.35300000,-5.00000000,-5.00001841,-4.99999289
8.35800000,-5.00000000,-5.00000982,-4.99999137
8.36300000,-5.00000000,-5.00000102,-4.99999024
8.36800000,-5.00000000,-4.99999303,-4.99998950
8.37300000,-5.00000000,-4.99998667,-4.99998911
8.37800000,-5.00000000,-4.99998249,-4.99998906
8.38300000,-5.00000000,-4.99998074,-4.99998930
8.38800000,-5.00000000,-4.99998136,-4.99998980
8.39300000,-5.00000000,-4.99998403,-4.99999051
8.39800000,-5.00000000,-4.99998823,-4.99999140
8.40300000,-5.00000000,-4.99999332,-4.99999242
8.40800000,-5.00000000,-4.99999864,-4.99999352
8.41300000,-5.00000000,-5.00000355,-4.99999468
8.41800000,-5.00000000,-5.00000754,-4.99999585
8.42300000,-5.00000000,-5.00001026,-4.99999700
8.42800000,-5.00000000,-5.00001153,-4.99999810
8.43300000,-5.00000000,-5.00001135,-4.99999913
8.43800000,-5.00000000,-5.00000991,-5.00000007
8.44300000,-5.00000000,-5.00000749,-5.00000091
8.44800000,-5.00000000,-5.00000448,-5.00000163
8.45300000,-5.00000000,-5.00000128,-5.00000223
8.45800000,-5.00000000,-4.99999826,-5.00000270
8.46300000,-5.00000000,-4.99999577,-5.00000305
8.46800000,-5.00000000,-4.99999401,-5.00000328
8.47300000,-5.00000000,-4.99999312,-5.00000340
8.47800000,-5.00000000,-4.99999310,-5.00000341
8.48300000,-5.00000000,-4.99999387,-5.00000333
8.48800000,-5.00000000,-4.99999525,-5.00000318
8.49300000,-5.00000000,-4.99999703,-5.00000295
8.49800000,-5.00000000,-4.99999896,-5.00000268
8.50300000,-5.00000000,-5.00000080,-5.00000236
8.50800000,-5.00000000,-5.00000236,-5.00000201
8.51300000,-5.00000000,-5.00000348,-5.00000165
8.51800000,-5.00000000,-5.00000410,-5.00000129
8.52300000,-5.00000000,-5.00000418,-5.00000093
8.52800000,-5.00000000,-5.00000378,-5.00000059
8.53300000,-5.00000000,-5.00000299,-5.00000027
8.53800000,-5.00000000,-5.00000195,-4.99999997
8.54300000,-5.00000000,-5.00000080,-4.99999971
8.54800000,-5.00000000,-4.99999967,-4.99999949
8.55300000,-5.00000000,-4.99999870,-4.99999930
8.55800000,-5.00000000,-4.99999798,-4.99999916
8.56300000,-5.00000000,-4.99999757,-4.99999905
8.56800000,-5.00000000,-4.99999747,-4.99999898
8.57300000,-5.00000000,-4.99999768,-4.99999894
8.57800000,-5.00000000,-4.99999812,-4.99999894
8.58300000,-5.00000000,-4.99999873,-4.99999896
8.58800000,-5.00000000,-4.99999942,-4.99999901
8.59300000,-5.00000000,-5.00000010,-4.99999908
8.59800000,-5.00000000,-5.00000070,-4.99999917
8.60300000,-5.00000000,-5.00000116,-4.99999927
8.60800000,-5.00000000,-5.00000144,-4.99999937
8.61300000,-5.00000000,-5.00000152,-4.99999949
8.61800000,-5.00000000,-5.00000143,-4.99999960
8.62300000,-5.00000000,-5.00000118,-4.99999971
8.62800000,-5.00000000,-5.00000082,-4.99999982
8.63300000,-5.00000000,-5.00000041,-4.99999992
8.63800000,-5.00000000,-4.99999999,-5.00000001
8.64300000,-5.00000000,-4.99999962,-5.00000009
8.64800000,-5.00000000,-4.99999933,-5.00000016
8.65300000,-5.00000000,-4.99999915,-5.00000022
8.65800000,-5.00000000,-4.99999908,-5.00000026
8.66300000,-5.00000000,-4.99999913,-5.00000030
8.66800000,-5.00000000,-4.99999926,-5.00000032
8.67300000,-5.00000000,-4.99999947,-5.00000033
8.67800000,-5.00000000,-4.99999972,-5.00000033
8.68300000,-5.00000000,-4.99999997,-5.00000032
8.68800000,-5.00000000,-5.00000020,-5.00000031
8.69300000,-5.00000000,-5.00000038,-5.00000029
8.69800000,-5.00000000,-5.00000050,-5.00000026
8.70300000,-5.00000000,-5.00000055,-5.00000023
8.70800000,-5.00000000,-5.00000053,-5.00000019
8.71300000,-5.00000000,-5.00000046,-5.00000016
8.71800000,-5.00000000,-5.00000034,-5.00000012
8.72300000,-5.00000000,-5.00000019,-5.00000009
8.72800000,-5.00000000,-5.00000004,-5.00000006
8.73300000,-5.00000000,-4.99999990,-5.00000002
8.73800000,-5.00000000,-4.99999979,-5.00000000
8.74300000,-5.00000000,-4.99999971,-4.99999997
8.74800000,-5.00000000,-4.99999967,-4.99999995
8.75300000,-5.00000000,-4.99999968,-4.99999993
8.75800000,-5.00000000,-4.99999972,-4.99999992
8.76300000,-5.00000000,-4.99999979,-4.99999991
8.76800000,-5.00000000,-4.99999987,-4.99999990
8.77300000,-5.00000000,-4.99999996,-4.99999990
8.77800000,-5.00000000,-5.00000005,-4.99999990
8.78300000,-5.00000000,-5.00000012,-4.99999990
8.78800000,-5.00000000,-5.00000017,-4.99999990
8.79300000,-5.00000000,-5.00000020,-4.99999991
8.79800000,-5.00000000,-5.00000020,-4.99999992
8.80300000,-5.00000000,-5.00000018,-4.99999993
8.80800000,-5.00000000,-5.00000014,-4.99999994
8.81300000,-5.00000000,-5.00000009,-4.99999995
8.81800000,-5.00000000,-5.00000003,-4.99999996
8.82300000,-5.00000000,-4.99999998,-4.99999997
8.82800000,-5.00000000,-4.99999993,-4.99999998
8.83300000,-5.00000000,-4.99999990,-4.99999999
8.83800000,-5.00000000,-4.99999988,-5.00000000
8.84300000,-5.00000000,-4.99999988,-5.00000001
8.84800000,-5.00000000,-4.99999989,-5.00000002
8.85300000,-5.00000000,-4.99999991,-5.00000002
8.85800000,-5.00000000,-4.99999994,-5.00000003
8.86300000,-5.00000000,-4.99999998,-5.00000003
8.86800000,-5.00000000,-5.00000001,-5.00000003
8.87300000,-5.00000000,-5.00000004,-5.00000003
8.87800000,-5.00000000,-5.00000006,-5.00000003
8.88300000,-5.00000000,-5.00000007,-5.00000003
8.88800000,-5.00000000,-5.00000007,-5.00000003
8.89300000,-5.00000000,-5.00000007,-5.00000003
8.89800000,-5.00000000,-5.00000005,-5.00000003
8.90300000,-5.00000000,-5.00000004,-5.00000002
8.90800000,-5.00000000,-5.00000002,-5.00000002
8.91300000,-5.00000000,-5.00000000,-5.00000002
8.91800000,-5.00000000,-4.99999998,-5.00000001
8.92300000,-5.00000000,-4.99999997,-5.00000001
8.92800000,-5.00000000,-4.99999996,-5.00000001
8.93300000,-5.00000000,-4.99999996,-5.00000000
8.93800000,-5.00000000,-4.99999996,-5.00000000
8.94300000,-5.00000000,-4.99999997,-5.00000000
8.94800000,-5.00000000,-4.99999998,-5.00000000
8.95300000,-5.00000000,-4.99999999,-4.99999999
8.95800000,-5.00000000,-5.00000000,-4.99999999
8.96300000,-5.00000000,-5.00000001,-4.99999999
8.96800000,-5.00000000,-5.00000002,-4.99999999
8.97300000,-5.00000000,-5.00000002,-4.99999999
8.97800000,-5.00000000,-5.00000003,-4.99999999
8.98300000,-5.00000000,-5.00000002,-4.99999999
8.98800000,-5.00000000,-5.00000002,-4.99999999
8.99300000,-5.00000000,-5.00000002,-4.99999999
8.99800000,-5.00000000,-5.00000001,-4.99999999
9.00250000,5.00000000,-4.31406680,-4.39956102
9.00750000,5.00000000,-2.27240765,-3.11430707
9.01250000,5.00000000,0.37977242,-1.75571467
9.01750000,5.00000000,3.27731933,-0.36783549
9.02250000,5.00000000,6.06563627,1.00935416
9.02750000,5.00000000,8.43981076,2.34056316
9.03250000,5.00000000,10.17398919,3.59560416
9.03750000,5.00000000,11.13869124,4.74963093
9.04250000,5.00000000,11.30536777,5.78320813
9.04750000,5.00000000,10.73902637,6.68223014
9.05250000,5.00000000,9.58101627,7.43770768
9.05750000,5.00000000,8.02496083,8.04544243
9.06250000,5.00000000,6.28928933,8.50561062
9.06750000,5.00000000,4.58984248,8.82227670
9.07250000,5.00000000,3.11565249,9.00285748
9.07750000,5.00000000,2.01031223,9.05755662
9.08250000,5.00000000,1.36045967,8.99878754
9.08750000,5.00000000,1.19193626,8.84060139
9.09250000,5.00000000,1.47324797,8.59813458
9.09750000,5.00000000,2.12516851,8.28708852
9.10250000,5.00000000,3.03474890,7.92325160
9.10750000,5.00000000,4.07168047,7.52207151
9.11250000,5.00000000,5.10490699,7.09828375
9.11750000,5.00000000,6.01757456,6.66559980
9.12250000,5.00000000,6.71879798,6.23645686
9.12750000,5.00000000,7.15124279,5.82182877
9.13250000,5.00000000,7.29410306,5.43109662
9.13750000,5.00000000,7.16162088,5.07197568
9.14250000,5.00000000,6.79778463,4.75049458
9.14750000,5.00000000,6.26820932,4.47102135
9.15250000,5.00000000,5.65041677,4.23633067
9.15750000,5.00000000,5.02378685,4.04770582
9.16250000,5.00000000,4.46035459,3.90506893
9.16750000,5.00000000,4.01740853,3.80713293
9.17250000,5.00000000,3.73254075,3.75156882
9.17750000,5.00000000,3.62145250,3.73518201
9.18250000,5.00000000,3.67847452,3.75409230
9.18750000,5.00000000,3.87945776,3.80391209
9.19250000,5.00000000,4.18645696,3.87991844
9.19750000,5.00000000,4.55348722,3.97721507
9.20250000,5.00000000,4.93258756,4.09088110
9.20750000,5.00000000,5.27947094,4.21610406
9.21250000,5.00000000,5.55816338,4.34829540
9.21750000,5.00000000,5.74421176,4.48318733
9.22250000,5.00000000,5.82624709,4.61691048
9.22750000,5.00000000,5.80589865,4.74605256
9.23250000,5.00000000,5.69624218,4.86769832
9.23750000,5.00000000,5.51911245,4.97945204
9.24250000,5.00000000,5.30170447,5.07944375
9.24750000,5.00000000,5.07292389,5.16632086
9.25250000,5.00000000,4.85992713,5.23922701
9.25750000,5.00000000,4.68522377,5.29777009
9.26250000,5.00000000,4.56461099,5.34198151
9.26750000,5.00000000,4.50608691,5.37226870
9.27250000,5.00000000,4.50976314,5.38936299
9.27750000,5.00000000,4.56868152,5.39426447
9.28250000,5.00000000,4.67034708,5.38818602
9.28750000,5.00000000,4.79872818,5.37249768
9.29250000,5.00000000,4.93644759,5.34867310
9.29750000,5.00000000,5.06689583,5.31823912
9.30250000,5.00000000,5.17603516,5.28272944
9.30750000,5.00000000,5.25372205,5.24364330
9.31250000,5.00000000,5.29444869,5.20240954
9.31750000,5.00000000,5.29748046,5.16035652
9.32250000,5.00000000,5.26643736,5.11868803
9.32750000,5.00000000,5.20842527,5.07846513
9.33250000,5.00000000,5.13286310,5.04059373
9.33750000,5.00000000,5.05017070,5.00581773
9.34250000,5.00000000,4.97048126,4.97471715
9.34750000,5.00000000,4.90252160,4.94771080
9.35250000,5.00000000,4.85276981,4.92506297
9.35750000,5.00000000,4.82495663,4.90689343
9.36250000,5.00000000,4.81993103,4.89319017
9.36750000,5.00000000,4.83586692,4.88382422
9.37250000,5.00000000,4.86875169,4.87856600
9.37750000,5.00000000,4.91307143,4.87710239
9.38250000,5.00000000,4.96259454,4.87905431
9.38750000,5.00000000,5.01115428,4.88399395
9.39250000,5.00000000,5.05334174,4.89146150
9.39750000,5.00000000,5.08503987,4.90098087
9.40250000,5.00000000,5.10375487,4.91207402
9.40750000,5.00000000,5.10872839,4.92427391
9.41250000,5.00000000,5.10084113,4.93713561
9.41750000,5.00000000,5.08234054,4.95024566
9.42250000,5.00000000,5.05644204,4.96322956
9.42750000,5.00000000,5.02686239,4.97575738
9.43250000,5.00000000,4.99734519,4.98754762
9.43750000,5.00000000,4.97123330,4.99836927
9.44250000,5.00000000,4.95113159,5.00804245
9.44750000,5.00000000,4.93868905,5.01643746
9.45250000,5.00000000,4.93451212,5.02347277
9.45750000,5.00000000,4.93820556,5.02911179
9.46250000,5.00000000,4.94852261,5.03335897
9.46750000,5.00000000,4.96359601,5.03625511
9.47250000,5.00000000,4.98121516,5.03787229
9.47750000,5.00000000,4.99911304,5.03830852
9.48250000,5.00000000,5.01522942,5.03768230
9.48750000,5.00000000,5.02792285,5.03612720
9.49250000,5.00000000,5.03611294,5.03378669
9.49750000,5.00000000,5.03934391,5.03080924
9.50250000,5.00000000,5.03777062,5.02734383
9.50750000,5.00000000,5.03207684,5.02353595
9.51250000,5.00000000,5.02334195,5.01952415
9.51750000,5.00000000,5.01287694,5.01543712
9.52250000,5.00000000,5.00205126,5.01139137
9.52750000,5.00000000,4.99213125,5.00748948
9.53250000,5.00000000,4.98414732,5.00381894
9.53750000,5.00000000,4.97880185,5.00045147
9.54250000,5.00000000,4.97642393,4.99744286
9.54750000,5.00000000,4.97697132,4.99483327
9.55250000,5.00000000,4.98007429,4.99264786
9.55750000,5.00000000,4.98511198,4.99089779
9.56250000,5.00000000,4.99130930,4.98958146
9.56750000,5.00000000,4.99784106,4.98868596
9.57250000,5.00000000,5.00393092,4.98818868
9.57750000,5.00000000,5.00893431,4.98805892
9.58250000,5.00000000,5.01239774,4.98825965
9.58750000,5.00000000,5.01409014,4.98874917
9.59250000,5.00000000,5.01400571,4.98948270
9.59750000,5.00000000,5.01234089,4.99041396
9.60250000,5.00000000,5.00945078,4.99149651
9.60750000,5.00000000,5.00579219,4.99268503
9.61250000,5.00000000,5.00186108,4.99393637
9.61750000,5.00000000,4.99813219,4.99521048
9.62250000,5.00000000,4.99500737,4.99647111
9.62750000,5.00000000,4.99277769,4.99768638
9.63250000,5.00000000,4.99160203,4.99882908
9.63750000,5.00000000,4.99150294,4.99987696
9.64250000,5.00000000,4.99237846,5.00081270
9.64750000,5.00000000,4.99402675,5.00162389
9.65250000,5.00000000,4.99617951,5.00230274
9.65750000,5.00000000,4.99853941,5.00284587
9.66250000,5.00000000,5.00081687,5.00325383
9.66750000,5.00000000,5.00276215,5.00353070
9.67250000,5.00000000,5.00418942,5.00368359
9.67750000,5.00000000,5.00499122,5.00372210
9.68250000,5.00000000,5.00514233,5.00365781
9.68750000,5.00000000,5.00469403,5.00350374
9.69250000,5.00000000,5.00376023,5.00327385
9.69750000,5.00000000,5.00249794,5.00298259
9.70250000,5.00000000,5.00108495,5.00264442
9.70750000,5.00000000,4.99969743,5.00227347
9.71250000,5.00000000,4.99849016,5.00188316
9.71750000,5.00000000,4.99758118,5.00148597
9.72250000,5.00000000,4.99704225,5.00109316
9.72750000,5.00000000,4.99689562,5.00071466
9.73250000,5.00000000,4.99711668,5.00035892
9.73750000,5.00000000,4.99764167,5.00003285
9.74250000,5.00000000,4.99837906,4.99974181
9.74750000,5.00000000,4.99922284,4.99948966
9.75250000,5.00000000,5.00006607,4.99927879
9.75750000,5.00000000,5.00081313,4.99911024
9.76250000,5.00000000,5.00138936,4.99898381
9.76750000,5.00000000,5.00174734,4.99889821
9.77250000,5.00000000,5.00186940,4.99885121
9.77750000,5.00000000,5.00176649,4.99883981
9.78250000,5.00000000,5.00147396,4.99886039
9.78750000,5.00000000,5.00104494,4.99890887
9.79250000,5.00000000,5.00054246,4.99898091
9.79750000,5.00000000,5.00003126,4.99907201
9.80250000,5.00000000,4.99957028,4.99917764
9.80750000,5.00000000,4.99920654,4.99929342
9.81250000,5.00000000,4.99897108,4.99941516
9.81750000,5.00000000,4.99887714,4.99953898
9.82250000,5.00000000,4.99892049,4.99966138
9.82750000,5.00000000,4.99908178,4.99977926
9.83250000,5.00000000,4.99933030,4.99989001
9.83750000,5.00000000,4.99962868,4.99999147
9.84250000,5.00000000,4.99993782,5.00008199
9.84750000,5.00000000,5.00022150,5.00016037
9.85250000,5.00000000,5.00045022,5.00022587
9.85750000,5.00000000,5.00060379,5.00027818
9.86250000,5.00000000,5.00067271,5.00031736
9.86750000,5.00000000,5.00065804,5.00034382
9.87250000,5.00000000,5.00057024,5.00035826
9.87750000,5.00000000,5.00042697,5.00036163
9.88250000,5.00000000,5.00025032,5.00035505
9.88750000,5.00000000,5.00006384,5.00033979
9.89250000,5.00000000,4.99988972,5.00031722
9.89750000,5.00000000,4.99974643,5.00028873
9.90250000,5.00000000,4.99964698,5.00025573
9.90750000,5.00000000,4.99959805,5.00021960
9.91250000,5.00000000,4.99959987,5.00018163
9.91750000,5.00000000,4.99964691,5.00014303
9.92250000,5.00000000,4.99972906,5.00010489
9.92750000,5.00000000,4.99983332,5.00006817
9.93250000,5.00000000,4.99994553,5.00003370
9.93750000,5.00000000,5.00005212,5.00000213
9.94250000,5.00000000,5.00014159,4.99997397
9.94750000,5.00000000,5.00020558,4.99994961
9.95250000,5.00000000,5.00023951,4.99992926
9.95750000,5.00000000,5.00024270,4.99991303
9.96250000,5.00000000,5.00021801,4.99990089
9.96750000,5.00000000,5.00017118,4.99989271
9.97250000,5.00000000,5.00010985,4.99988827
9.97750000,5.00000000,5.00004251,4.99988728
9.98250000,5.00000000,4.99997742,4.99988938
9.98750000,5.00000000,4.99992174,4.99989418
9.99250000,5.00000000,4.99988079,4.99990126
9.99750000,5.00000000,4.99985768,4.99991017
10.00250000,5.00000000,4.99985315,4.99992047
10.00750000,5.00000000,4.99986576,4.99993175
10.01250000,5.00000000,4.99989227,4.99994360
10.01750000,5.00000000,4.99992822,4.99995563
10.02250000,5.00000000,4.99996854,4.99996751
10.02750000,5.00000000,5.00000818,4.99997895
10.03250000,5.00000000,5.00004273,4.99998968
10.03750000,5.00000000,5.00006880,4.99999950
10.04250000,5.00000000,5.00008431,5.00000826
10.04750000,5.00000000,5.00008863,5.00001583
10.05250000,5.00000000,5.00008244,5.00002215
10.05750000,5.00000000,5.00006754,5.00002719
10.06250000,5.00000000,5.00004655,5.00003095
10.06750000,5.00000000,5.00002248,5.00003348
10.07250000,5.00000000,4.99999839,5.00003484
10.07750000,5.00000000,4.99997702,5.00003513
10.08250000,5.00000000,4.99996050,5.00003446
10.08750000,5.00000000,4.99995020,5.00003295
10.09250000,5.00000000,4.99994664,5.00003074
10.09750000,5.00000000,4.99994950,5.00002795
10.10250000,5.00000000,4.99995780,5.00002473
10.10750000,5.00000000,4.99997001,5.00002121
10.11250000,5.00000000,4.99998434,5.00001752
10.11750000,5.00000000,4.99999894,5.00001377
10.12250000,5.00000000,5.00001212,5.00001006
10.12750000,5.00000000,5.00002255,5.00000650
10.13250000,5.00000000,5.00002931,5.00000316
10.13750000,5.00000000,5.00003205,5.00000010
10.14250000,5.00000000,5.00003085,4.99999738
10.14750000,5.00000000,5.00002628,4.99999503
10.15250000,5.00000000,5.00001921,4.99999306
10.15750000,5.00000000,5.00001071,4.99999150
10.16250000,5.00000000,5.00000188,4.99999033
10.16750000,5.00000000,4.99999377,4.99998955
10.17250000,5.00000000,4.99998721,4.99998913
10.17750000,5.00000000,4.99998280,4.99998905
10.18250000,5.00000000,4.99998081,4.99998926
10.18750000,5.00000000,4.99998120,4.99998974
10.19250000,5.00000000,4.99998368,4.99999043
10.19750000,5.00000000,4.99998776,4.99999130
10.20250000,5.00000000,4.99999279,4.99999231
10.20750000,5.00000000,4.99999811,4.99999341
10.21250000,5.00000000,5.00000309,4.99999456
10.21750000,5.00000000,5.00000720,4.99999573
10.22250000,5.00000000,5.00001005,4.99999688
10.22750000,5.00000000,5.00001147,4.99999799
10.23250000,5.00000000,5.00001143,4.99999903
10.23750000,5.00000000,5.00001010,4.99999998
10.24250000,5.00000000,5.00000777,5.00000083
10.24750000,5.00000000,5.00000480,5.00000156
10.25250000,5.00000000,5.00000159,5.00000217
10.25750000,5.00000000,4.99999855,5.00000266
10.26250000,5.00000000,4.99999598,5.00000302
10.26750000,5.00000000,4.99999415,5.00000326
10.27250000,5.00000000,4.99999317,5.00000339
10.27750000,5.00000000,4.99999307,5.00000341
10.28250000,5.00000000,4.99999376,5.00000334
10.28750000,5.00000000,4.99999509,5.00000320
10.29250000,5.00000000,4.99999684,5.00000298
10.29750000,5.00000000,4.99999876,5.00000271
10.30250000,5.00000000,5.00000062,5.00000239
10.30750000,5.00000000,5.00000222,5.00000205
10.31250000,5.00000000,5.00000339,5.00000169
10.31750000,5.00000000,5.00000406,5.00000132
10.32250000,5.00000000,5.00000419,5.00000097
10.32750000,5.00000000,5.00000384,5.00000062
10.33250000,5.00000000,5.00000309,5.00000030
10.33750000,5.00000000,5.00000206,5.00000000
10.34250000,5.00000000,5.00000091,4.99999974
10.34750000,5.00000000,4.99999978,4.99999951
10.35250000,5.00000000,4.99999879,4.99999932
10.35750000,5.00000000,4.99999804,4.99999917
10.36250000,5.00000000,4.99999760,4.99999906
10.36750000,5.00000000,4.99999747,4.99999898
10.37250000,5.00000000,4.99999764,4.99999894
10.37750000,5.00000000,4.99999807,4.99999894
10.38250000,5.00000000,4.99999866,4.99999896
10.38750000,5.00000000,4.99999935,4.99999900
10.39250000,5.00000000,5.00000004,4.99999907
10.39750000,5.00000000,5.00000065,4.99999916
10.40250000,5.00000000,5.00000112,4.99999926
10.40750000,5.00000000,5.00000142,4.99999936
10.41250000,5.00000000,5.00000152,4.99999948
10.41750000,5.00000000,5.00000144,4.99999959
10.42250000,5.00000000,5.00000121,4.99999970
10.42750000,5.00000000,5.00000086,4.99999981
10.43250000,5.00000000,5.00000045,4.99999991
10.43750000,5.00000000,5.00000004,5.00000000
10.44250000,5.00000000,4.99999966,5.00000008
10.44750000,5.00000000,4.99999936,5.00000015
10.45250000,5.00000000,4.99999916,5.00000021
10.45750000,5.00000000,4.99999909,5.00000026
10.46250000,5.00000000,4.99999912,5.00000029
10.46750000,5.00000000,4.99999925,5.00000032
10.47250000,5.00000000,4.99999945,5.00000033
10.47750000,5.00000000,4.99999969,5.00000033
10.48250000,5.00000000,4.99999994,5.00000032
10.48750000,5.00000000,5.00000018,5.00000031
10.49250000,5.00000000,5.00000036,5.00000029
10.49750000,5.00000000,5.00000049,5.00000026
10.50250000,5.00000000,5.00000055,5.00000023
10.50750000,5.00000000,5.00000054,5.00000020
10.51250000,5.00000000,5.00000047,5.00000016
10.51750000,5.00000000,5.00000035,5.00000013
10.52250000,5.00000000,5.00000021,5.00000009
10.52750000,5.00000000,5.00000006,5.00000006
10.53250000,5.00000000,4.99999991,5.00000003
10.53750000,5.00000000,4.99999980,5.00000000
10.54250000,5.00000000,4.99999971,4.99999997
10.54750000,5.00000000,4.99999967,4.99999995
10.55250000,5.00000000,4.99999967,4.99999993
10.55750000,5.00000000,4.99999971,4.99999992
10.56250000,5.00000000,4.99999978,4.99999991
10.56750000,5.00000000,4.99999986,4.99999990
10.57250000,5.00000000,4.99999995,4.99999990
10.57750000,5.00000000,5.00000004,4.99999990
10.58250000,5.00000000,5.00000011,4.99999990
10.58750000,5.00000000,5.00000017,4.99999990
10.59250000,5.00000000,5.00000019,4.99999991
10.59750000,5.00000000,5.00000020,4.99999992
10.60250000,5.00000000,5.00000018,4.99999993
10.60750000,5.00000000,5.00000014,4.99999994
10.61250000,5.00000000,5.00000009,4.99999995
10.61750000,5.00000000,5.00000004,4.99999996
10.62250000,5.00000000,4.99999998,4.99999997
10.62750000,5.00000000,4.99999994,4.99999998
10.63250000,5.00000000,4.99999990,4.99999999
10.63750000,5.00000000,4.99999988,5.00000000
10.64250000,5.00000000,4.99999988,5.00000001
10.64750000,5.00000000,4.99999989,5.00000002
10.65250000,5.00000000,4.99999991,5.00000002
10.65750000,5.00000000,4.99999994,5.00000003
10.66250000,5.00000000,4.99999997,5.00000003
10.66750000,5.00000000,5.00000001,5.00000003
10.67250000,5.00000000,5.00000003,5.00000003
10.67750000,5.00000000,5.00000006,5.00000003
10.68250000,5.00000000,5.00000007,5.00000003
10.68750000,5.00000000,5.00000007,5.00000003
10.69250000,5.00000000,5.00000007,5.00000003
10.69750000,5.00000000,5.00000006,5.00000003
10.70250000,5.00000000,5.00000004,5.00000002
10.70750000,5.00000000,5.00000002,5.00000002
10.71250000,5.00000000,5.00000000,5.00000002
10.71750000,5.00000000,4.99999998,5.00000001
10.72250000,5.00000000,4.99999997,5.00000001
10.72750000,5.00000000,4.99999996,5.00000001
10.73250000,5.00000000,4.99999996,5.00000000
10.73750000,5.00000000,4.99999996,5.00000000
10.74250000,5.00000000,4.99999997,5.00000000
10.74750000,5.00000000,4.99999998,5.00000000
10.75250000,5.00000000,4.99999999,4.99999999
10.75750000,5.00000000,5.00000000,4.99999999
10.76250000,5.00000000,5.00000001,4.99999999
10.76750000,5.00000000,5.00000002,4.99999999
10.77250000,5.00000000,5.00000002,4.99999999
10.77750000,5.00000000,5.00000003,4.99999999
10.78250000,5.00000000,5.00000003,4.99999999
10.78750000,5.00000000,5.00000002,4.99999999
10.79250000,5.00000000,5.00000002,4.99999999
10.79750000,5.00000000,5.00000001,4.99999999
10.80200000,0.00000000,4.73568713,4.76112711
10.80700000,0.00000000,3.75496346,4.12344543
10.81200000,0.00000000,2.45128573,3.44679453
10.81700000,0.00000000,1.00654847,2.75338348
10.82200000,0.00000000,-0.40047549,2.06341953
10.82700000,0.00000000,-1.61409263,1.39479346
10.83200000,0.00000000,-2.51692873,0.76286092
10.83700000,0.00000000,-3.03921808,0.18031497
10.84200000,0.00000000,-3.16171339,-0.34285682
10.84700000,0.00000000,-2.91255735,-0.79933895
10.85200000,0.00000000,-2.35910560,-1.18438743
10.85700000,0.00000000,-1.59616000,-1.49567226
10.86200000,0.00000000,-0.73232494,-1.73307328
10.86700000,0.00000000,0.12376788,-1.89844002
10.87200000,0.00000000,0.87578905,-1.99532583
10.87700000,0.00000000,1.44934860,-2.02870615
10.88200000,0.00000000,1.79813005,-2.00469017
10.88700000,0.00000000,1.90619387,-1.93023423
10.89200000,0.00000000,1.78659175,-1.81286429
10.89700000,0.00000000,1.47683683,-1.66041394
10.90200000,0.00000000,1.03207459,-1.48078308
10.90700000,0.00000000,0.51697106,-1.28172145
10.91200000,0.00000000,-0.00262617,-1.07063991
10.91700000,0.00000000,-0.46728421,-0.85445156
10.92200000,0.00000000,-0.83005426,-0.63944345
10.92700000,0.00000000,-1.06048628,-0.43117908
10.93200000,0.00000000,-1.14634916,-0.23443070
10.93700000,0.00000000,-1.09310276,-0.05314014
10.94200000,0.00000000,-0.92141794,0.10959418
10.94700000,0.00000000,-0.66323140,0.25150642
10.95200000,0.00000000,-0.35693696,0.37113159
10.95700000,0.00000000,-0.04234987,0.46775622
10.96200000,0.00000000,0.24396059,0.54135445
10.96700000,0.00000000,0.47247947,0.59251300
10.97200000,0.00000000,0.62335339,0.62234821
10.97700000,0.00000000,0.68762743,0.63241813
10.98200000,0.00000000,0.66711509,0.62463262
10.98700000,0.00000000,0.57306018,0.60116404
10.99200000,0.00000000,0.42386919,0.56436085
10.99700000,0.00000000,0.24226944,0.51666599
11.00200000,0.00000000,0.05227576,0.46054178
11.00700000,0.00000000,-0.12366995,0.39840265
11.01200000,0.00000000,-0.26707987,0.33255639
11.01700000,0.00000000,-0.36510230,0.26515485
11.02200000,0.00000000,-0.41138731,0.19815410
11.02700000,0.00000000,-0.40612353,0.13328419
11.03200000,0.00000000,-0.35532916,0.07202826
11.03700000,0.00000000,-0.26955604,0.01561040
11.04200000,0.00000000,-0.16221550,-0.03500820
11.04700000,0.00000000,-0.04775585,-0.07912574
11.05200000,0.00000000,0.06008615,-0.11628987
11.05700000,0.00000000,0.14976924,-0.14628217
11.06200000,0.00000000,0.21302641,-0.16909820
11.06700000,0.00000000,0.24545863,-0.18492401
11.07200000,0.00000000,0.24662728,-0.19411029
11.07700000,0.00000000,0.21968746,-0.19714492
11.08200000,0.00000000,0.17065201,-0.19462495
11.08700000,0.00000000,0.10740874,-0.18722877
11.09200000,0.00000000,0.03862816,-0.17568919
11.09700000,0.00000000,-0.02730266,-0.16076804
11.10200000,0.00000000,-0.08320204,-0.14323282
11.10700000,0.00000000,-0.12378180,-0.12383572
11.11200000,0.00000000,-0.14604824,-0.10329540
11.11700000,0.00000000,-0.14940058,-0.08228166
11.12200000,0.00000000,-0.13544742,-0.06140308
11.12700000,0.00000000,-0.10759194,-0.04119765
11.13200000,0.00000000,-0.07045696,-0.02212628
11.13700000,0.00000000,-0.02923215,-0.00456911
11.14200000,0.00000000,0.01097450,0.01117568
11.14700000,0.00000000,0.04570768,0.02489075
11.15200000,0.00000000,0.07160170,0.03643643
11.15700000,0.00000000,0.08664782,0.04574588
11.16200000,0.00000000,0.09027947,0.05281883
11.16700000,0.00000000,0.08328491,0.05771427
11.17200000,0.00000000,0.06757531,0.06054234
11.17700000,0.00000000,0.04584975,0.06145582
11.18200000,0.00000000,0.02120615,0.06064135
11.18700000,0.00000000,-0.00325224,0.05831077
11.19200000,0.00000000,-0.02476953,0.05469275
11.19700000,0.00000000,-0.04121337,0.05002487
11.20200000,0.00000000,-0.05125135,0.04454633
11.20700000,0.00000000,-0.05441808,0.03849149
11.21200000,0.00000000,-0.05107680,0.03208414
11.21700000,0.00000000,-0.04229104,0.02553276
11.22200000,0.00000000,-0.02963030,0.01902669
11.22700000,0.00000000,-0.01493873,0.01273323
11.23200000,0.00000000,-0.00009699,0.00679562
11.23700000,0.00000000,0.01319499,0.00133189
11.24200000,0.00000000,0.02359189,-0.00356545
11.24700000,0.00000000,0.03021841,-0.00782908
11.25200000,0.00000000,0.03271910,-0.01141590
11.25700000,0.00000000,0.03124407,-0.01430545
11.26200000,0.00000000,0.02637879,-0.01649799
11.26700000,0.00000000,0.01903187,-0.01801223
11.27200000,0.00000000,0.01029794,-0.01888276
11.27700000,0.00000000,0.00131394,-0.01915740
11.28200000,0.00000000,-0.00687439,-0.01889451
11.28700000,0.00000000,-0.01342157,-0.01816024
11.29200000,0.00000000,-0.01775726,-0.01702594
11.29700000,0.00000000,-0.01962203,-0.01556569
11.30200000,0.00000000,-0.01906413,-0.01385407
11.30700000,0.00000000,-0.01640163,-0.01196406
11.31200000,0.00000000,-0.01215797,-0.00996537
11.31700000,0.00000000,-0.00698098,-0.00792289
11.32200000,0.00000000,-0.00155625,-0.00589552
11.32700000,0.00000000,0.00347461,-0.00393529
11.33200000,0.00000000,0.00758214,-0.00208671
11.33700000,0.00000000,0.01039735,-0.00038643
11.34200000,0.00000000,0.01173669,0.00113685
11.34700000,0.00000000,0.01160339,0.00246228
11.35200000,0.00000000,0.01016743,0.00357656
11.35700000,0.00000000,0.00772875,0.00447342
11.36200000,0.00000000,0.00466951,0.00515307
11.36700000,0.00000000,0.00140212,0.00562142
11.37200000,0.00000000,-0.00168077,0.00588935
11.37700000,0.00000000,-0.00424874,0.00597181
11.38200000,0.00000000,-0.00606454,0.00588707
11.38700000,0.00000000,-0.00700123,0.00565576
11.39200000,0.00000000,-0.00704496,0.00530016
11.39700000,0.00000000,-0.00628469,0.00484337
11.40200000,0.00000000,-0.00489121,0.00430862
11.40700000,0.00000000,-0.00308926,0.00371867
11.41200000,0.00000000,-0.00112625,0.00309521
11.41700000,0.00000000,0.00075812,0.00245845
11.42200000,0.00000000,0.00235831,0.00182670
11.42700000,0.00000000,0.00352262,0.00121615
11.43200000,0.00000000,0.00416476,0.00064063
11.43700000,0.00000000,0.00426679,0.00011151
11.44200000,0.00000000,0.00387392,-0.00036228
11.44700000,0.00000000,0.00308278,-0.00077432
11.45200000,0.00000000,0.00202502,-0.00112047
11.45700000,0.00000000,0.00084872,-0.00139884
11.46200000,0.00000000,-0.00030020,-0.00160951
11.46700000,0.00000000,-0.00129422,-0.00175436
11.47200000,0.00000000,-0.00203686,-0.00183681
11.47700000,0.00000000,-0.00247027,-0.00186154
11.48200000,0.00000000,-0.00257779,-0.00183425
11.48700000,0.00000000,-0.00238150,-0.00176140
11.49200000,0.00000000,-0.00193561,-0.00164992
11.49700000,0.00000000,-0.00131697,-0.00150703
11.50200000,0.00000000,-0.00061395,-0.00133997
11.50700000,0.00000000,0.00008481,-0.00115582
11.51200000,0.00000000,0.00070046,-0.00096135
11.51700000,0.00000000,0.00117189,-0.00076283
11.52200000,0.00000000,0.00146076,-0.00056598
11.52700000,0.00000000,0.00155350,-0.00037581
11.53200000,0.00000000,0.00146021,-0.00019663
11.53700000,0.00000000,0.00121103,-0.00003198
11.54200000,0.00000000,0.00085063,0.00011539
11.54700000,0.00000000,0.00043162,0.00024347
11.55200000,0.00000000,0.00000768,0.00035101
11.55700000,0.00000000,-0.00037254,0.00043741
11.56200000,0.00000000,-0.00067050,0.00050271
11.56700000,0.00000000,-0.00086105,0.00054750
11.57200000,0.00000000,-0.00093385,0.00057287
11.57700000,0.00000000,-0.00089303,0.00058028
11.58200000,0.00000000,-0.00075517,0.00057150
11.58700000,0.00000000,-0.00054611,0.00054855
11.59200000,0.00000000,-0.00029707,0.00051361
11.59700000,0.00000000,-0.00004051,0.00046892
11.60200000,0.00000000,0.00019367,0.00041672
11.60700000,0.00000000,0.00038124,0.00035925
11.61200000,0.00000000,0.00050583,0.00029858
11.61700000,0.00000000,0.00055992,0.00023669
11.62200000,0.00000000,0.00054479,0.00017535
11.62700000,0.00000000,0.00046942,0.00011612
11.63200000,0.00000000,0.00034872,0.00006034
11.63700000,0.00000000,0.00020114,0.00000910
11.64200000,0.00000000,0.00004625,-0.00003673
11.64700000,0.00000000,-0.00009759,-0.00007655
11.65200000,0.00000000,-0.00021524,-0.00010996
11.65700000,0.00000000,-0.00029609,-0.00013677
11.66200000,0.00000000,-0.00033484,-0.00015701
11.66700000,0.00000000,-0.00033152,-0.00017086
11.67200000,0.00000000,-0.00029093,-0.00017867
11.67700000,0.00000000,-0.00022159,-0.00018088
11.68200000,0.00000000,-0.00013441,-0.00017806
11.68700000,0.00000000,-0.00004114,-0.00017084
11.69200000,0.00000000,0.00004699,-0.00015988
11.69700000,0.00000000,0.00012052,-0.00014590
11.70200000,0.00000000,0.00017264,-0.00012960
11.70700000,0.00000000,0.00019969,-0.00011166
11.71200000,0.00000000,0.00020124,-0.00009273
11.71700000,0.00000000,0.00017979,-0.00007344
11.72200000,0.00000000,0.00014019,-0.00005433
11.72700000,0.00000000,0.00008885,-0.00003588
11.73200000,0.00000000,0.00003282,-0.00001851
11.73700000,0.00000000,-0.00002103,-0.00000257
11.74200000,0.00000000,-0.00006684,0.00001169
11.74700000,0.00000000,-0.00010024,0.00002407
11.75200000,0.00000000,-0.00011876,0.00003444
11.75700000,0.00000000,-0.00012185,0.00004276
11.76200000,0.00000000,-0.00011080,0.00004904
11.76700000,0.00000000,-0.00008833,0.00005332
11.77200000,0.00000000,-0.00005820,0.00005572
11.77700000,0.00000000,-0.00002463,0.00005638
11.78200000,0.00000000,0.00000820,0.00005548
11.78700000,0.00000000,0.00003664,0.00005320
11.79200000,0.00000000,0.00005794,0.00004977
11.79700000,0.00000000,0.00007042,0.00004540
11.80200000,0.00000000,0.00007360,0.00004030
11.80700000,0.00000000,0.00006810,0.00003470
11.81200000,0.00000000,0.00005544,0.00002880
11.81700000,0.00000000,0.00003783,0.00002279
11.82200000,0.00000000,0.00001777,0.00001683
11.82700000,0.00000000,-0.00000219,0.00001108
11.83200000,0.00000000,-0.00001981,0.00000568
11.83700000,0.00000000,-0.00003332,0.00000072
11.84200000,0.00000000,-0.00004163,-0.00000372
11.84700000,0.00000000,-0.00004435,-0.00000756
11.85200000,0.00000000,-0.00004174,-0.00001079
11.85700000,0.00000000,-0.00003468,-0.00001337
11.86200000,0.00000000,-0.00002442,-0.00001532
11.86700000,0.00000000,-0.00001247,-0.00001664
11.87200000,0.00000000,-0.00000036,-0.00001738
11.87700000,0.00000000,0.00001052,-0.00001758
11.88200000,0.00000000,0.00001906,-0.00001728
11.88700000,0.00000000,0.00002453,-0.00001657
11.89200000,0.00000000,0.00002665,-0.00001549
11.89700000,0.00000000,0.00002552,-0.00001412
11.90200000,0.00000000,0.00002162,-0.00001253
11.90700000,0.00000000,0.00001567,-0.00001079
11.91200000,0.00000000,0.00000857,-0.00000894
11.91700000,0.00000000,0.00000124,-0.00000707
11.92200000,0.00000000,-0.00000545,-0.00000521
11.92700000,0.00000000,-0.00001083,-0.00000342
11.93200000,0.00000000,-0.00001441,-0.00000174
11.93700000,0.00000000,-0.00001598,-0.00000020
11.94200000,0.00000000,-0.00001557,0.00000118
11.94700000,0.00000000,-0.00001343,0.00000238
11.95200000,0.00000000,-0.00001000,0.00000338
11.95700000,0.00000000,-0.00000579,0.00000418
11.96200000,0.00000000,-0.00000137,0.00000478
11.96700000,0.00000000,0.00000274,0.00000519
11.97200000,0.00000000,0.00000611,0.00000542
11.97700000,0.00000000,0.00000843,0.00000548
11.98200000,0.00000000,0.00000955,0.00000539
11.98700000,0.00000000,0.00000947,0.00000516
11.99200000,0.00000000,0.00000832,0.00000482
11.99700000,0.00000000,0.00000635,0.00000439
12.00200000,0.00000000,0.00000387,0.00000390
12.00700000,0.00000000,0.00000121,0.00000335
12.01200000,0.00000000,-0.00000131,0.00000278
12.01700000,0.00000000,-0.00000342,0.00000219
12.02200000,0.00000000,-0.00000491,0.00000162
12.02700000,0.00000000,-0.00000570,0.00000106
12.03200000,0.00000000,-0.00000575,0.00000053
12.03700000,0.00000000,-0.00000514,0.00000005
12.04200000,0.00000000,-0.00000402,-0.00000038
12.04700000,0.00000000,-0.00000256,-0.00000075
12.05200000,0.00000000,-0.00000096,-0.00000106
12.05700000,0.00000000,0.00000058,-0.00000131
12.06200000,0.00000000,0.00000189,-0.00000149
12.06700000,0.00000000,0.00000285,-0.00000162
12.07200000,0.00000000,0.00000339,-0.00000169
12.07700000,0.00000000,0.00000348,-0.00000171
12.08200000,0.00000000,0.00000317,-0.00000168
12.08700000,0.00000000,0.00000253,-0.00000161
12.09200000,0.00000000,0.00000167,-0.00000150
12.09700000,0.00000000,0.00000071,-0.00000137
12.10200000,0.00000000,-0.00000022,-0.00000121
12.10700000,0.00000000,-0.00000104,-0.00000104
12.11200000,0.00000000,-0.00000165,-0.00000086
12.11700000,0.00000000,-0.00000201,-0.00000068
12.12200000,0.00000000,-0.00000210,-0.00000050
12.12700000,0.00000000,-0.00000195,-0.00000033
12.13200000,0.00000000,-0.00000159,-0.00000016
12.13700000,0.00000000,-0.00000109,-0.00000001
12.14200000,0.00000000,-0.00000051,0.00000012
12.14700000,0.00000000,0.00000006,0.00000023
12.15200000,0.00000000,0.00000056,0.00000033
12.15700000,0.00000000,0.00000095,0.00000041
12.16200000,0.00000000,0.00000119,0.00000047
12.16700000,0.00000000,0.00000127,0.00000051
12.17200000,0.00000000,0.00000119,0.00000053
12.17700000,0.00000000,0.00000099,0.00000053
12.18200000,0.00000000,0.00000070,0.00000052
12.18700000,0.00000000,0.00000036,0.00000050
12.19200000,0.00000000,0.00000001,0.00000047
12.19700000,0.00000000,-0.00000030,0.00000043
12.20200000,0.00000000,-0.00000054,0.00000038
12.20700000,0.00000000,-0.00000070,0.00000032
12.21200000,0.00000000,-0.00000076,0.00000027
12.21700000,0.00000000,-0.00000073,0.00000021
12.22200000,0.00000000,-0.00000062,0.00000015
12.22700000,0.00000000,-0.00000045,0.00000010
12.23200000,0.00000000,-0.00000025,0.00000005
12.23700000,0.00000000,-0.00000004,0.00000000
12.24200000,0.00000000,0.00000015,-0.00000004
12.24700000,0.00000000,0.00000031,-0.00000007
12.25200000,0.00000000,0.00000041,-0.00000010
12.25700000,0.00000000,0.00000046,-0.00000013
12.26200000,0.00000000,0.00000044,-0.00000015
12.26700000,0.00000000,0.00000038,-0.00000016
12.27200000,0.00000000,0.00000029,-0.00000016
12.27700000,0.00000000,0.00000017,-0.00000017
12.28200000,0.00000000,0.00000004,-0.00000016
12.28700000,0.00000000,-0.00000008,-0.00000016
12.29200000,0.00000000,-0.00000017,-0.00000015
12.29700000,0.00000000,-0.00000024,-0.00000013
12.30200000,0.00000000,-0.00000027,-0.00000012
12.30700000,0.00000000,-0.00000027,-0.00000010
12.31200000,0.00000000,-0.00000024,-0.00000008
12.31700000,0.00000000,-0.00000018,-0.00000007
12.32200000,0.00000000,-0.00000011,-0.00000005
12.32700000,0.00000000,-0.00000004,-0.00000003
12.33200000,0.00000000,0.00000004,-0.00000002
12.33700000,0.00000000,0.00000010,-0.00000000
12.34200000,0.00000000,0.00000014,0.00000001
12.34700000,0.00000000,0.00000016,0.00000002
12.35200000,0.00000000,0.00000016,0.00000003
12.35700000,0.00000000,0.00000015,0.00000004
12.36200000,0.00000000,0.00000012,0.00000005
12.36700000,0.00000000,0.00000007,0.00000005
12.37200000,0.00000000,0.00000003,0.00000005
12.37700000,0.00000000,-0.00000002,0.00000005
12.38200000,0.00000000,-0.00000005,0.00000005
12.38700000,0.00000000,-0.00000008,0.00000005
12.39200000,0.00000000,-0.00000010,0.00000005
12.39700000,0.00000000,-0.00000010,0.00000004
12.40200000,0.00000000,-0.00000009,0.00000004
12.40700000,0.00000000,-0.00000007,0.00000003
12.41200000,0.00000000,-0.00000005,0.00000003
12.41700000,0.00000000,-0.00000002,0.00000002
12.42200000,0.00000000,0.00000001,0.00000001
12.42700000,0.00000000,0.00000003,0.00000001
12.43200000,0.00000000,0.00000005,0.00000000
12.43700000,0.00000000,0.00000006,0.00000000
12.44200000,0.00000000,0.00000006,-0.00000000
12.44700000,0.00000000,0.00000006,-0.00000001
12.45200000,0.00000000,0.00000005,-0.00000001
12.45700000,0.00000000,0.00000003,-0.00000001
12.46200000,0.00000000,0.00000001,-0.00000001
12.46700000,0.00000000,-0.00000000,-0.00000002
12.47200000,0.00000000,-0.00000002,-0.00000002
12.47700000,0.00000000,-0.00000003,-0.00000002
12.48200000,0.00000000,-0.00000003,-0.00000002
12.48700000,0.00000000,-0.00000004,-0.00000002
12.49200000,0.00000000,-0.00000003,-0.00000001
12.49700000,0.00000000,-0.00000003,-0.00000001
12.50200000,0.00000000,-0.00000002,-0.00000001
12.50700000,0.00000000,-0.00000001,-0.00000001
12.51200000,0.00000000,-0.00000000,-0.00000001
12.51700000,0.00000000,0.00000001,-0.00000001
12.52200000,0.00000000,0.00000002,-0.00000000
12.52700000,0.00000000,0.00000002,-0.00000000
12.53200000,0.00000000,0.00000002,-0.00000000
12.53700000,0.00000000,0.00000002,-0.00000000
12.54200000,0.00000000,0.00000002,0.00000000
12.54700000,0.00000000,0.00000001,0.00000000
12.55200000,0.00000000,0.00000001,0.00000000
12.55700000,0.00000000,0.00000000,0.00000000
12.56200000,0.00000000,-0.00000000,0.00000000
12.56700000,0.00000000,-0.00000001,0.00000000
12.57200000,0.00000000,-0.00000001,0.00000000
12.57700000,0.00000000,-0.00000001,0.00000001
12.58200000,0.00000000,-0.00000001,0.00000000
12.58700000,0.00000000,-0.00000001,0.00000000
12.59200000,0.00000000,-0.00000001,0.00000000
12.59700000,0.00000000,-0.00000000,0.00000000
12.60200000,0.00000000,-0.00000000,0.00000000
12.60700000,0.00000000,0.00000000,0.00000000
12.61200000,0.00000000,0.00000000,0.00000000
12.61700000,0.00000000,0.00000001,0.00000000
12.62200000,0.00000000,0.00000001,0.00000000
12.62700000,0.00000000,0.00000001,0.00000000
12.63200000,0.00000000,0.00000001,0.00000000
12.63700000,0.00000000,0.00000001,0.00000000
12.64200000,0.00000000,0.00000000,-0.00000000
12.64700000,0.00000000,0.00000000,-0.00000000
12.65200000,0.00000000,-0.00000000,-0.00000000
12.65700000,0.00000000,-0.00000000,-0.00000000
12.66200000,0.00000000,-0.00000000,-0.00000000
12.66700000,0.00000000,-0.00000000,-0.00000000
12.67200000,0.00000000,-0.00000000,-0.00000000
12.67700000,0.00000000,-0.00000000,-0.00000000
12.68200000,0.00000000,-0.00000000,-0.00000000
12.68700000,0.00000000,-0.00000000,-0.00000000
12.69200000,0.00000000,-0.00000000,-0.00000000
12.69700000,0.00000000,0.00000000,-0.00000000
12.70200000,0.00000000,0.00000000,-0.00000000
12.70700000,0.00000000,0.00000000,-0.00000000
12.71200000,0.00000000,0.00000000,-0.00000000
12.71700000,0.00000000,0.00000000,-0.00000000
12.72200000,0.00000000,0.00000000,-0.00000000
12.72700000,0.00000000,0.00000000,-0.00000000
12.73200000,0.00000000,0.00000000,-0.00000000
12.73700000,0.00000000,0.00000000,0.00000000
12.74200000,0.00000000,-0.00000000,0.00000000
12.74700000,0.00000000,-0.00000000,0.00000000
12.75200000,0.00000000,-0.00000000,0.00000000
12.75700000,0.00000000,-0.00000000,0.00000000
12.76200000,0.00000000,-0.00000000,0.00000000
12.76700000,0.00000000,-0.00000000,0.00000000
12.77200000,0.00000000,-0.00000000,0.00000000
12.77700000,0.00000000,-0.00000000,0.00000000
12.78200000,0.00000000,-0.00000000,0.00000000
12.78700000,0.00000000,0.00000000,0.00000000
12.79200000,0.00000000,0.00000000,0.00000000
12.79700000,0.00000000,0.00000000,0.00000000
